INSERT INTO `circle_members` VALUES (13720,502,66,614,1,1,1,1,0,NULL,1534133785,1534149948),(13721,502,66,615,0,3,0,1,0,NULL,1534149772,1534149921),(13722,502,66,617,0,1,0,1,0,NULL,1534149874,1534149903),(13723,503,66,614,1,0,0,1,0,NULL,1534150015,1534150500),(13725,504,66,614,1,0,0,1,0,NULL,1534150674,1534226390);
INSERT INTO `circles` VALUES (502,66,'チーム全体','チーム全体',NULL,1,1,3,1534150015,0,NULL,1534133785,1534149948),(503,66,'My Public Circle','あああ\r\nいいい',NULL,1,0,1,1534150500,0,NULL,1534150015,1534150500),(504,66,'My Secret Circle','秘密',NULL,0,0,1,1534226390,0,NULL,1534150674,1534226390);
INSERT INTO `emails` VALUES (611,614,'goalous.e2e@gmail.com',1,NULL,NULL,0,NULL,1534133785,1534133785),(612,615,'goalous.e2e+1@gmail.com',1,NULL,NULL,0,NULL,1534142270,1534149772),(613,616,'goalous.e2e+2@gmail.com',0,NULL,NULL,0,NULL,1534142270,1534142270),(614,617,'goalous.e2e+3@gmail.com',1,NULL,NULL,0,NULL,1534142270,1534149874);
INSERT INTO `goal_categories` VALUES (73,66,'未設定',NULL,1,0,NULL,1534141967,1534141967);
INSERT INTO `invites` VALUES (936,614,615,66,'goalous.e2e+1@gmail.com','',1,'0rOH6v8gAWjmnSdzLFXuI3',1535351870,0,0,NULL,1534142270,1534142270),(937,614,0,66,'goalous.e2e+2@gmail.com','',0,'B7l0JgSXEomaQKntz26rFc',1535351870,0,0,NULL,1534142270,1534142270),(938,614,617,66,'goalous.e2e+3@gmail.com','',1,'HFKzO6j3wL8G1P2utC9SVe',1535351870,0,0,NULL,1534142270,1534142270);
INSERT INTO `local_names` VALUES (518,614,'jpn','太郎','剛羅須',0,NULL,1534141874,1534141942);
INSERT INTO `mst_price_plan_groups` VALUES (1,1,0,NULL,1509960758,1509960758),(2,2,0,NULL,1509960758,1509960758);
INSERT INTO `mst_price_plans` VALUES (1,1,'1-1',50000,50,0,NULL,1509960758,1509960758),(2,1,'1-2',100000,200,0,NULL,1509960758,1509960758),(3,1,'1-3',150000,300,0,NULL,1509960758,1509960758),(4,1,'1-4',200000,400,0,NULL,1509960758,1509960758),(5,1,'1-5',250000,500,0,NULL,1509960758,1509960758),(6,2,'2-1',500,50,0,NULL,1509960758,1509960758),(7,2,'2-2',1000,200,0,NULL,1509960758,1509960758),(8,2,'2-3',1500,300,0,NULL,1509960758,1509960758),(9,2,'2-4',2000,400,0,NULL,1509960758,1509960758),(10,2,'2-5',2500,500,0,NULL,1509960758,1509960758);
INSERT INTO `post_reads` VALUES (5546700,71897,615,66,0,NULL,1534149910,1534149910),(5546701,71898,615,66,0,NULL,1534149910,1534149910),(5546702,71897,614,66,0,NULL,1534149936,1534149936),(5546703,71898,614,66,0,NULL,1534149936,1534149936),(5546704,71899,614,66,0,NULL,1534149936,1534149936),(5546705,71900,614,66,0,NULL,1534149936,1534149936),(5546706,71901,614,66,0,NULL,1534149936,1534149936),(5546707,71900,617,66,0,NULL,1534150616,1534150616),(5546708,71901,617,66,0,NULL,1534150616,1534150616),(5546709,71902,617,66,0,NULL,1534150616,1534150616),(5546710,71903,617,66,0,NULL,1534150616,1534150616),(5546711,71904,617,66,0,NULL,1534150616,1534150616),(5546712,71899,617,66,0,NULL,1534150791,1534150791);
INSERT INTO `post_share_circles` VALUES (41915,71897,502,66,0,0,NULL,1534149899,1534149899),(41916,71898,502,66,0,0,NULL,1534149903,1534149903),(41917,71899,502,66,0,0,NULL,1534149913,1534149913),(41918,71900,502,66,0,0,NULL,1534149917,1534149917),(41919,71901,502,66,0,0,NULL,1534149921,1534149921),(41920,71902,502,66,0,0,NULL,1534149942,1534149942),(41921,71903,502,66,0,0,NULL,1534149948,1534149948),(41922,71904,502,66,0,0,NULL,1534150015,1534150015),(41923,71905,503,66,0,0,NULL,1534150500,1534150500),(41924,71906,504,66,0,0,NULL,1534226390,1534226390),(41925,71907,502,66,0,0,NULL,1534227771,1534227771);
INSERT INTO `posts` VALUES (71897,617,66,'test1',1,0,0,2,0,NULL,NULL,NULL,NULL,NULL,NULL,NULL,NULL,NULL,NULL,NULL,0,NULL,1534149899,1534149899),(71898,617,66,'test2',1,0,0,2,0,NULL,NULL,NULL,NULL,NULL,NULL,NULL,NULL,NULL,NULL,NULL,0,NULL,1534149903,1534149903),(71899,615,66,'test3',1,0,0,2,0,NULL,NULL,NULL,NULL,NULL,NULL,NULL,NULL,NULL,NULL,NULL,0,NULL,1534149913,1534149913),(71900,615,66,'test4',1,0,0,2,0,NULL,NULL,NULL,NULL,NULL,NULL,NULL,NULL,NULL,NULL,NULL,0,NULL,1534149917,1534149917),(71901,615,66,'test5',1,0,0,2,0,NULL,NULL,NULL,NULL,NULL,NULL,NULL,NULL,NULL,NULL,NULL,0,NULL,1534149921,1534149921),(71902,614,66,'test6',1,0,0,1,0,NULL,NULL,NULL,NULL,NULL,NULL,NULL,NULL,NULL,NULL,NULL,0,NULL,1534149942,1534149942),(71903,614,66,'test7',1,0,0,1,0,NULL,NULL,NULL,NULL,NULL,NULL,NULL,NULL,NULL,NULL,NULL,0,NULL,1534149948,1534149948),(71904,614,66,NULL,7,0,0,1,0,NULL,503,NULL,NULL,NULL,NULL,NULL,NULL,NULL,NULL,NULL,0,NULL,1534150015,1534150015),(71905,614,66,'1',1,0,0,0,0,NULL,NULL,NULL,NULL,NULL,NULL,NULL,NULL,NULL,NULL,NULL,0,NULL,1534150500,1534150500),(71906,614,66,'secret1',1,0,0,0,0,NULL,NULL,NULL,NULL,NULL,NULL,NULL,NULL,NULL,NULL,NULL,0,NULL,1534226390,1534226390),(71907,614,66,'The quick brown fox jumps over the lazily build PHP code',1,0,0,0,0,NULL,NULL,NULL,NULL,NULL,NULL,NULL,NULL,NULL,NULL,NULL,0,NULL,1534227771,1534227771);
INSERT INTO `schema_migrations` VALUES (1,'InitMigrations','Migrations','2014-08-26 13:01:45'),(2,'ConvertVersionToClassNames','Migrations','2014-08-26 13:01:45'),(3,'IncreaseClassNameLength','Migrations','2014-08-26 13:01:45'),(4,'AddUsersTable','app','2014-08-26 13:01:45'),(5,'AddBasicTables','app','2014-08-26 05:04:08'),(6,'EditBasicTables','app','2014-08-26 05:04:11'),(7,'AddEvaluationFlgToTeamMember','app','2014-08-26 05:04:11'),(8,'AddInvitationFlgForTeamMember','app','2014-08-26 05:04:11'),(9,'EditUsersFields','app','2014-08-26 05:04:12'),(10,'AllTableChangeDefaultValue','app','2014-08-26 05:04:13'),(11,'ChangeTableNameImagesPostsTable','app','2014-08-26 05:04:13'),(12,'EditUserAutoLang','app','2014-08-26 05:04:14'),(13,'AddSendMailAndChangeTypeColums','app','2014-08-26 05:04:16'),(14,'AddCakeSession','app','2014-08-26 05:04:16'),(15,'EditImageIdSomeTables','app','2014-08-26 05:04:18'),(16,'EditPhotoToPhotoFileName','app','2014-08-26 05:04:18'),(17,'AddLocalNames','app','2014-08-26 05:04:19'),(18,'AddIndexes','app','2014-08-26 05:04:21'),(19,'AddAllForeignKey','app','2014-08-26 05:04:33'),(20,'AddIndexForToken','app','2014-08-26 05:04:35'),(21,'AddIndexModifiedForPosts','app','2014-08-26 05:04:35'),(22,'EditPrimaryToBigintAutoIncrement','app','2014-08-26 05:05:09'),(23,'AddIndexForDelFlg','app','2014-08-26 05:05:17'),(24,'AddIndexToAllFlg0708','app','2014-08-26 05:05:22'),(25,'ChangeDatetimeType0708','app','2014-08-26 05:06:01'),(26,'ChangeDatetimeUnsigned0708','app','2014-08-26 05:06:37'),(27,'EditSendMail0708','app','2014-08-26 05:06:38'),(28,'ChangePrimaryPostsComments0715','app','2014-08-26 05:06:39'),(29,'ChangeIndexPosts0718','app','2014-08-26 05:06:39'),(30,'AddPostsCommentsPhotoColumn0722','app','2014-08-26 05:06:47'),(31,'DeleteImagesPostTable0722','app','2014-08-26 05:06:47'),(32,'DeleteImagesTable0722','app','2014-08-26 05:06:47'),(33,'AddSiteInfoToPosts0728','app','2014-08-26 05:06:48'),(34,'AddSiteInfoToComments0729','app','2014-08-26 05:06:48'),(35,'AddCircle0729','app','2014-08-26 05:06:49'),(36,'EditCircles0729','app','2014-08-26 05:06:50'),(37,'AddPostsShareTables0803','app','2014-08-26 05:06:51'),(38,'AddCircleUnread0807','app','2014-08-26 05:06:51'),(39,'ChangePublicFlgDefaultOnPosts0811','app','2014-08-26 05:06:51'),(40,'AddCircleMemberColumn0811','app','2014-08-26 05:06:52'),(41,'ChangeMemberCountColumnName0811','app','2014-08-26 05:06:53'),(42,'AddSitePhotoToPostsComments0813','app','2014-08-26 05:06:54'),(43,'CreateNotifySettings0814','app','2014-08-26 05:06:55'),(44,'AddIndexUserIdToNotifySettings0814','app','2014-08-26 05:06:55'),(45,'AddSomeColumnsToNotifications0815','app','2014-08-26 05:06:57'),(46,'AddNotifyUnreadCountToTeamMembers0815','app','2014-08-26 05:06:57'),(47,'AddItemNameToNotifi0815','app','2014-08-26 05:06:58'),(48,'AddNotificationIdOnSendMails0815','app','2014-08-26 05:06:59'),(49,'AddIndexModelIdOnNotifications0815','app','2014-08-26 05:06:59'),(50,'AddEnableFlgOnNotifications0816','app','2014-08-26 05:07:01'),(51,'AddToUserIdsOnSendMails0818','app','2014-08-26 05:07:01'),(52,'AddSendMailToUsers0818','app','2014-08-26 05:07:02'),(53,'DeleteSomeColumnOnNotifications0818','app','2014-08-26 05:07:04'),(54,'AddNotifyUsers0818','app','2014-08-26 05:07:04'),(55,'DeleteSomeColumnOnSendMails0818','app','2014-08-26 05:07:06'),(56,'DeleteEnableFlgOnNotifyUsers0818','app','2014-08-26 05:07:06'),(57,'AddIndexOnNotifications0819','app','2014-08-26 05:07:07'),(58,'EditNotifications0819','app','2014-08-26 05:07:07'),(59,'RenameTableNotifyUsers0819','app','2014-08-26 05:07:08'),(60,'AddNotifyFromUsers0819','app','2014-08-26 05:07:08'),(61,'AddGoalGoalCategory0827','app','2014-09-10 05:04:08'),(62,'AddGoalPhoto0828','app','2014-09-10 05:04:08'),(63,'DeleteSomeColumnFromGoalous0828','app','2014-09-10 05:04:10'),(64,'AddKeyResultsTable0828','app','2014-09-10 05:04:11'),(65,'AddKeyResultUsers0902','app','2014-09-10 05:04:11'),(66,'DeleteDueDateFromGoals0902','app','2014-09-10 05:04:12'),(67,'AddSomeColumnToKeyResults0902','app','2014-09-10 05:04:13'),(68,'AddSomeColumnOnKeyResults0903','app','2014-09-10 05:04:19'),(69,'AddPriorityOnKeyResults0903','app','2014-09-10 05:04:20'),(70,'MoveValuedFlgToKeyResults0919','app','2014-09-30 12:26:12'),(71,'EditNumTypeToBigintOnKeyResults1002','app','2014-10-03 02:12:57'),(72,'ChangeToDecOnKeyResultNum1002','app','2014-10-03 02:12:58'),(73,'AddDescriptionOnKeyResultUsers0930','app','2014-10-08 08:15:17'),(74,'AddFollower1006','app','2014-10-09 09:50:10'),(75,'EditFollower1007','app','2014-10-09 09:50:11'),(76,'AddUserIdOnKeyResults1013','app','2014-10-16 12:36:39'),(77,'RenameKeyResultUserToCollaborator1023','app','2014-10-26 12:32:26'),(78,'ChangeColumnNameKeyResultIdToGoalId1023','app','2014-10-26 12:32:26'),(79,'RenameColumnNameKeyResultIdToGoalId1023','app','2014-10-26 12:32:27'),(80,'AddPurposesAndAddSomeColumnToGoals1023','app','2014-10-26 12:32:30'),(81,'AddNameOnGoals1023','app','2014-10-26 12:32:30'),(82,'AddGoalCountOnPurpose1023','app','2014-10-26 12:32:30'),(83,'DelSpecialFlgOnKeyResults1023','app','2014-10-26 12:32:31'),(84,'DelValuedFlgOnKeyResults1023','app','2014-10-26 12:32:31'),(85,'MovePriotiryAndValuedFlg1024','app','2014-10-26 12:32:32'),(86,'AddCommentOnTeamMembers1112','app','2014-11-13 11:59:18'),(87,'AddActionsAndActionResults','app','2014-12-11 04:59:05'),(88,'AddPhotoOnActionAndActionRsults','app','2014-12-11 04:59:07'),(89,'AddActionCount1121','app','2014-12-11 04:59:08'),(90,'ChangePosts1121','app','2014-12-11 05:01:20'),(91,'ChangeActionsAndActionResults1202','app','2014-12-11 05:01:26'),(92,'ChangePostsTableActionColumn0105','app','2015-01-07 10:43:30'),(93,'AddKeyResultIdOnPostsTable0109','app','2015-01-09 08:07:18'),(94,'ChangeColumnTypeOfLangOnLocalNames0109','app','2015-01-09 08:07:19'),(95,'ActionDbModified0010106','app','2015-01-19 01:49:24'),(96,'DeleteSomeColumnsOnActionResults0116','app','2015-01-19 01:49:25'),(97,'RenameActionCountFields0116','app','2015-01-19 01:49:26'),(98,'AddMemberTypes0126','app','2015-02-05 01:20:59'),(99,'AddIndexOnTeamMemter0126','app','2015-02-05 01:21:00'),(100,'AddPhoneNoColumnOnUsers0126','app','2015-02-05 01:21:00'),(101,'AddRatersTable0127','app','2015-02-05 01:21:00'),(102,'AddMemberGroups0213','app','2015-02-25 05:16:24'),(103,'AddInviteType0215','app','2015-02-25 05:16:24'),(104,'RemaneRatersToEvaluators0310','app','2015-03-10 12:13:07'),(105,'AddEvaluationRelationTables0310','app','2015-03-11 07:50:53'),(106,'AddSomeColumnToEvaluations0311','app','2015-03-11 07:50:55'),(107,'AddDraftFlgToEvaluations0311','app','2015-03-11 07:50:55'),(108,'ChangeValuedFlgType0311','app','2015-03-11 10:20:53'),(109,'AddEvaluatableCountColumnOnTeamMembers0311','app','2015-03-16 07:39:47'),(110,'ChangeEvaluations031201','app','2015-03-16 07:39:48'),(111,'Add2faForUsers0322','app','2015-03-23 11:44:22'),(112,'AddMyTurnFlgOnEvaluations0324','app','2015-03-25 06:47:49'),(113,'ChangeColumNameIndex0325','app','2015-03-25 06:47:49'),(114,'ChangeColumnMyTurnFlg0325','app','2015-04-02 01:41:16'),(115,'AddCircleIdIntoPostsTable0413','app','2015-04-15 08:34:01'),(116,'AddApprovalHistories0413','app','2015-04-15 08:34:01'),(117,'AddActiveFlgOnEvaluateScore0416','app','2015-04-16 09:14:01'),(118,'AlterNotifications0417','app','2015-04-20 00:32:22'),(119,'AddStatusForEvalTerm0417','app','2015-04-20 00:32:22'),(120,'ChangeCollaborator0421','app','2015-04-22 01:32:25'),(121,'AddShowForAllFeedFlg','app','2015-05-01 09:09:44'),(122,'AddFieldsToNotifySettings0506','app','2015-05-07 10:27:55'),(123,'DeleteNotificationsTable0507','app','2015-05-07 10:27:58'),(124,'AddFieldsToNotifyYSetting0510','app','2015-05-12 04:41:22'),(125,'RemoveAllFlgTypeAndStatus0604','app','2015-06-05 07:34:52'),(126,'AddIndexToPosts0604','app','2015-06-05 07:35:09'),(127,'AddActiveFlgToGoalCategory0604','app','2015-06-05 07:35:09'),(128,'AddTeamAllFlgOnCircles0619','app','2015-06-22 15:52:24'),(129,'AddTablesForVision0622','app','2015-06-22 15:52:24'),(130,'AddImgIntoVisions0622','app','2015-06-22 15:52:25'),(131,'ChangeAllEmailFlgToDefaultZeroOnNotifySettings0624','app','2015-07-02 12:14:26'),(132,'DataMigrationForAllTeam0625','app','2015-07-02 12:14:32'),(133,'RemovePublicFlgFromPosts0625','app','2015-07-02 12:17:09'),(134,'AddShareTypeOnShareTables0710','app','2015-07-12 15:55:36'),(135,'AddFilesTableAndRelatedTables0724','app','2015-08-06 22:36:28'),(136,'RenameTableNameForFiles0724','app','2015-08-06 22:36:30'),(137,'ChangeFieldNameOnAttachedFiles0727','app','2015-08-06 22:36:31'),(138,'AddActionFile0729','app','2015-08-06 22:36:31'),(139,'AddIndexNumOnRelatedFileTable0730','app','2015-08-06 22:36:32'),(140,'ChangeNotifySettings0807','app','2015-08-06 22:36:34'),(141,'AddIndexForName0821','app','2015-08-23 15:25:54'),(142,'AddSubscribeEmails','app','2015-08-27 08:38:24'),(143,'AddTablesForInsights0909','app','2015-09-10 07:57:36'),(144,'AddTableForMobileNotify0909','app','2015-09-10 07:57:36'),(145,'AddTablesForGroupInsight0909','app','2015-09-10 07:57:37'),(146,'AddAccessUsersTable0915','app','2015-09-15 11:42:08'),(147,'DelRankingTable0915','app','2015-09-15 11:42:09'),(148,'ModifiedColumnNameOnCircleInsight0915','app','2015-09-15 11:42:09'),(149,'DelUnnecessaryFieldsForInsights0915','app','2015-09-15 11:42:15'),(150,'ChangeIndexLikeRead0930','app','2015-09-30 10:22:36'),(151,'AddIndexLikeReads0930','app','2015-09-30 15:07:55'),(152,'AddIndexToCommentReadsTable1007','app','2015-10-07 14:40:40'),(153,'AddTimezoneForTeam1011','app','2015-10-15 14:53:18'),(154,'AddMobileNotifySettings1014','app','2015-10-15 14:53:24'),(155,'AddNotificationFlgOnCircleMembers1014','app','2015-10-15 14:53:25'),(156,'AddTimezoneOnEvaluateTerms1013','app','2015-10-22 16:36:51'),(157,'AddPostSharedLogsTable1023','app','2015-10-22 16:36:51'),(158,'AddRecoveryCodes','app','2015-11-08 15:55:09'),(159,'AddIndexToModifiedCreated1107','app','2015-11-08 15:55:10'),(160,'AddIndexToGoalsKeyResults1107','app','2015-11-08 15:55:11'),(161,'RemovePrimaryFromPostShareCircles1108','app','2015-11-08 15:55:12'),(162,'RemovePrimaryFromPostShareUsers1108','app','2015-11-08 15:55:13'),(163,'AddColumnIntoNotifySettings1118','app','2015-11-19 12:36:25'),(164,'AddDuringSetupFlgToUsers0405','app','2016-05-23 12:29:08'),(165,'AddSetupCompleteFlgToUsers','app','2016-05-23 12:29:09'),(166,'ModifyNotifySettingDefaultValueNotifySetting','app','2016-05-23 12:29:11'),(167,'AddSetupGuideColumnsToNotifySettings','app','2016-06-25 13:41:43'),(168,'DropUnnecessaryTables','app','2016-07-12 13:33:59'),(169,'Utf8mb4','app','2016-07-12 13:43:10'),(170,'AllColumnUtf8mb4','app','2016-07-12 13:56:44'),(171,'AddColumnsIntoDevices','app','2016-07-12 13:56:45'),(172,'Test','app','2016-07-12 13:56:45'),(173,'AddAppMetas0706','app','2016-07-12 13:56:46'),(174,'RmThreadsAndMessages0816','app','2016-08-18 09:08:28'),(175,'AddTopicRelatedTables0816','app','2016-08-18 09:08:29'),(176,'RmMessageReadsTable0818','app','2016-08-18 09:08:29'),(177,'RmMessageReadCountColumnFromMessagesTable0818','app','2016-08-18 09:08:30'),(178,'ChangeCommentOfMessagesTable0818','app','2016-08-18 09:08:30'),(179,'AddColumnToMessagesTable0818','app','2016-08-18 09:08:30'),(180,'AddLastSeenMessageIdToTopicMembers0818','app','2016-08-18 09:08:31'),(181,'ModifyColumnNameOfTopicUserId0818','app','2016-08-18 09:08:31'),(182,'ModifyColumnNameOfSenderOnMessage0818','app','2016-08-18 09:08:32'),(183,'ModifyColumnNameOnTopic0818','app','2016-08-18 09:08:33'),(184,'ModifiedColumnComments0818','app','2016-08-23 06:33:37'),(185,'RemainingDiffMessages0818','app','2016-08-23 06:33:38'),(186,'DropMessages0818','app','2016-08-23 06:33:38'),(187,'AddMessages0818','app','2016-08-23 06:33:38'),(188,'ModifyPrimaryKeyOnMessages0818','app','2016-08-23 06:33:38'),(189,'AddColumnToUsers0824','app','2016-08-30 09:25:02'),(190,'ModifyTkrTables0905','app','2016-10-02 01:32:38'),(191,'BeforeMigration0909','app','2016-10-02 01:32:38'),(192,'TopicTkrDbModifyPart20909','app','2016-10-02 01:32:40'),(193,'AfterMigration0909','app','2016-10-02 01:32:40'),(194,'LabelName0909','app','2016-10-02 01:32:40'),(195,'CommentOfCollaboratorsApprovalStatus','app','2016-10-02 01:32:40'),(196,'ApprovalAndRmPurpose0917','app','2016-10-02 01:32:42'),(197,'ModiryApprovalHistories0917','app','2016-10-02 01:32:43'),(198,'LabelUnique0925','app','2016-10-02 01:32:43'),(199,'LabelCaractorset0929','app','2016-10-02 01:32:44'),(200,'ModifyLogTablesToBlob1012','app','2016-10-17 06:42:28'),(201,'DelUserIdFromChangeLogTables1012','app','2016-10-17 06:42:28'),(202,'RenameTableNameOfCollaborators1013','app','2016-10-17 06:42:29'),(203,'ModifiedCommentOnly1013','app','2016-10-17 06:42:29'),(204,'AddExperimentsTable','app','2016-10-27 13:50:38'),(205,'ApprovalHistoriesComment1027','app','2016-10-27 13:50:38'),(206,'AddColumnToActionResults','app','2016-12-14 06:02:23'),(207,'AddTableKrLogs','app','2016-12-27 07:33:01'),(208,'AddGoalProgressDailyLogs1227','app','2017-01-23 10:05:23'),(209,'AddLatestActionedToKeyResults0110','app','2017-01-23 10:06:01'),(210,'AddKrValuesLogs0203','app','2017-02-07 09:55:05'),(211,'DropGoalProgressDailyLogs','app','2017-02-10 02:48:22'),(212,'FixTopicMembersTable0313','app','2017-04-09 13:09:16'),(213,'AddTopicSearchKeywordsTable','app','2017-04-09 13:09:16'),(214,'ModifiedText0313','app','2017-04-09 13:09:17'),(215,'FixCommentOnly0313','app','2017-04-09 13:09:17'),(216,'ChangeColumnName0313','app','2017-04-09 13:09:17'),(217,'AddLatestMessagedDatatimeToTopics0315','app','2017-04-09 13:09:18'),(218,'AddLatestMessageIdToTopics0315','app','2017-04-09 13:09:18'),(219,'ChangeLatestMessageIdNoLengthInTopics0315','app','2017-04-09 13:09:18'),(220,'AddAttachedFileCount0317','app','2017-04-09 13:09:19'),(221,'AddMissingDiff0317','app','2017-04-09 13:09:19'),(222,'MessageDataMigration0329','app','2017-04-09 13:16:42'),(223,'AddMetaDataToMessages','app','2017-04-09 13:17:08'),(224,'AddLastMessageReadDatetime0413','app','2017-04-14 08:00:37'),(225,'ImproveTimezoneAndTerm1','app','2017-05-20 21:18:49'),(226,'AlterEvaluation','app','2017-05-20 21:18:51'),(227,'RecreatingPartitionForPostsPostShareCirclesPostShareUsers0621','app','2017-06-30 08:38:25'),(228,'DeleteUnneededTableColumnForImproveTermTimezone0707','app','2017-07-08 05:56:20'),(229,'ChangeForPayment0718','app','2017-09-22 21:25:59'),(230,'RemoveAddressFromTeamAddCurrencyToPaymentSettings0720','app','2017-09-22 21:25:59'),(231,'RenameTablePaymemtToPayment0721','app','2017-09-22 21:26:00'),(232,'ChangeCountryIntToVarchar0724','app','2017-09-22 21:26:00'),(233,'ChangeChargeDateToChargeDatetimeInt0727','app','2017-09-22 21:26:00'),(234,'AddColumnToChargeHistories','app','2017-09-22 21:26:01'),(235,'SeparateCompanyAddressOnPaymentSettings','app','2017-09-22 21:26:02'),(236,'AddTeamsServiceUseStateEndDate0808','app','2017-09-22 21:26:03'),(237,'AddContactPersonColumnsIntoPaymentSetting','app','2017-09-22 21:26:05'),(238,'AddInvoceHistories0816','app','2017-09-22 21:26:05'),(239,'AddCompanyContactIntoInvoices0818','app','2017-09-22 21:26:07'),(240,'AddTermsOfService','app','2017-09-22 21:26:08'),(241,'FixInvoiceHistoryDate0828','app','2017-09-22 21:26:09'),(242,'AddPreRegisterAmountPerUserToTeams0928','app','2017-09-29 09:48:09'),(243,'CampaignPricePlan','app','2017-11-06 09:30:35'),(244,'AddPricePlanIdToPricePlanPurchaseTeams','app','2017-11-06 09:30:35'),(245,'CreateViewTablePricePlan','app','2017-11-06 09:30:35'),(246,'CampaignPaymentOptimizations','app','2017-11-06 09:30:38'),(247,'CreateCampaignPricePlan','app','2017-11-24 06:56:12'),(248,'DelUnncessaryColumnRelatedCampaign','app','2017-11-24 06:56:13'),(249,'AlterColumnInt11_1128','app','2017-12-19 07:08:38'),(250,'AddSavedPostTable','app','2018-01-18 09:55:05'),(251,'AddColumnForRecharge','app','2018-02-20 04:19:54'),(252,'CreateVideoPostTables','app','2018-02-28 12:28:59'),(253,'AddColumnToEvaluationSettings','app','2018-03-23 05:15:58'),(254,'CreateEvaluatorChangeLogsTable','app','2018-03-29 10:24:05'),(255,'AddTableCirclePins20180314','app','2018-04-10 10:24:36'),(256,'AddMentionNotifySettingsColumns','app','2018-04-27 03:17:21'),(257,'AddColumnForStripeRecharge','app','2018-05-24 10:36:22'),(258,'AddColumnForLatestPostTime','app','2018-07-11 02:57:31'),(259,'RemoveAllPartitions','app','2018-08-13 04:51:30');
INSERT INTO `send_mail_to_users` VALUES (1839347,601089,614,66,0,NULL,1534149773,1534149773),(1839348,601090,614,66,0,NULL,1534149875,1534149875),(1839349,601091,614,66,0,NULL,1534149899,1534149899),(1839350,601091,615,66,0,NULL,1534149899,1534149899),(1839351,601092,614,66,0,NULL,1534149904,1534149904),(1839352,601092,615,66,0,NULL,1534149904,1534149904),(1839353,601093,614,66,0,NULL,1534149914,1534149914),(1839354,601093,617,66,0,NULL,1534149914,1534149914),(1839355,601094,614,66,0,NULL,1534149917,1534149917),(1839356,601094,617,66,0,NULL,1534149917,1534149917),(1839357,601095,614,66,0,NULL,1534149921,1534149921),(1839358,601095,617,66,0,NULL,1534149921,1534149921),(1839359,601096,615,66,0,NULL,1534149943,1534149943),(1839360,601096,617,66,0,NULL,1534149943,1534149943),(1839361,601097,615,66,0,NULL,1534149949,1534149949),(1839362,601097,617,66,0,NULL,1534149949,1534149949),(1839363,601098,615,66,0,NULL,1534150016,1534150016),(1839364,601099,615,66,0,NULL,1534150501,1534150501);
INSERT INTO `send_mails` VALUES (601085,NULL,NULL,9,'{\"code\":\"162-345\",\"subject\":\"Goalous\\u306e\\u8a8d\\u8a3c\\u30b3\\u30fc\\u30c9: 162-345\",\"to\":\"goalous.e2e@gmail.com\"}',1534133579,0,NULL,1534133579,1534133580),(601086,614,66,6,'{\"url\":\"https:\\/\\/e2e.api.goalous.com\\/users\\/accept_invite\\/0rOH6v8gAWjmnSdzLFXuI3\",\"to\":\"goalous.e2e+1@gmail.com\",\"team_name\":\"E2ETest\",\"message\":\"\"}',1534142270,0,NULL,1534142270,1534142271),(601087,614,66,6,'{\"url\":\"https:\\/\\/e2e.api.goalous.com\\/users\\/accept_invite\\/B7l0JgSXEomaQKntz26rFc\",\"to\":\"goalous.e2e+2@gmail.com\",\"team_name\":\"E2ETest\",\"message\":\"\"}',1534142270,0,NULL,1534142270,1534142271),(601088,614,66,6,'{\"url\":\"https:\\/\\/e2e.api.goalous.com\\/users\\/accept_invite\\/HFKzO6j3wL8G1P2utC9SVe\",\"to\":\"goalous.e2e+3@gmail.com\",\"team_name\":\"E2ETest\",\"message\":\"\"}',1534142270,0,NULL,1534142270,1534142271),(601089,615,66,7,'{\"url\":\"https:\\/\\/e2e.api.goalous.com\\/users\\/view_info\\/user_id:615?from=email&team_id=66\",\"type\":24,\"count_num\":1,\"item_name\":[\"E2ETest\"],\"model_id\":null,\"options\":{\"from_user_id\":\"615\"}}',1534149773,0,NULL,1534149773,1534149774),(601090,617,66,7,'{\"url\":\"https:\\/\\/e2e.api.goalous.com\\/users\\/view_info\\/user_id:617?from=email&team_id=66\",\"type\":24,\"count_num\":1,\"item_name\":[\"E2ETest\"],\"model_id\":null,\"options\":{\"from_user_id\":\"617\"}}',1534149875,0,NULL,1534149875,1534149876),(601091,617,66,7,'{\"url\":\"https:\\/\\/e2e.api.goalous.com\\/post_permanent\\/71897?from=email&team_id=66\",\"type\":1,\"count_num\":1,\"item_name\":[\"test1\"],\"model_id\":null,\"options\":{\"from_user_id\":\"617\",\"share_user_list\":[],\"share_circle_list\":{\"502\":\"502\"}}}',1534149900,0,NULL,1534149899,1534149902),(601092,617,66,7,'{\"url\":\"https:\\/\\/e2e.api.goalous.com\\/post_permanent\\/71898?from=email&team_id=66\",\"type\":1,\"count_num\":1,\"item_name\":[\"test2\"],\"model_id\":null,\"options\":{\"from_user_id\":\"617\",\"share_user_list\":[],\"share_circle_list\":{\"502\":\"502\"}}}',1534149905,0,NULL,1534149904,1534149906),(601093,615,66,7,'{\"url\":\"https:\\/\\/e2e.api.goalous.com\\/post_permanent\\/71899?from=email&team_id=66\",\"type\":1,\"count_num\":1,\"item_name\":[\"test3\"],\"model_id\":null,\"options\":{\"from_user_id\":\"615\",\"share_user_list\":[],\"share_circle_list\":{\"502\":\"502\"}}}',1534149914,0,NULL,1534149914,1534149916),(601094,615,66,7,'{\"url\":\"https:\\/\\/e2e.api.goalous.com\\/post_permanent\\/71900?from=email&team_id=66\",\"type\":1,\"count_num\":1,\"item_name\":[\"test4\"],\"model_id\":null,\"options\":{\"from_user_id\":\"615\",\"share_user_list\":[],\"share_circle_list\":{\"502\":\"502\"}}}',1534149918,0,NULL,1534149917,1534149919),(601095,615,66,7,'{\"url\":\"https:\\/\\/e2e.api.goalous.com\\/post_permanent\\/71901?from=email&team_id=66\",\"type\":1,\"count_num\":1,\"item_name\":[\"test5\"],\"model_id\":null,\"options\":{\"from_user_id\":\"615\",\"share_user_list\":[],\"share_circle_list\":{\"502\":\"502\"}}}',1534149922,0,NULL,1534149921,1534149923),(601096,614,66,7,'{\"url\":\"https:\\/\\/e2e.api.goalous.com\\/post_permanent\\/71902?from=email&team_id=66\",\"type\":1,\"count_num\":1,\"item_name\":[\"test6\"],\"model_id\":null,\"options\":{\"from_user_id\":\"614\",\"share_user_list\":[],\"share_circle_list\":{\"502\":\"502\"}}}',1534149943,0,NULL,1534149943,1534149945),(601097,614,66,7,'{\"url\":\"https:\\/\\/e2e.api.goalous.com\\/post_permanent\\/71903?from=email&team_id=66\",\"type\":1,\"count_num\":1,\"item_name\":[\"test7\"],\"model_id\":null,\"options\":{\"from_user_id\":\"614\",\"share_user_list\":[],\"share_circle_list\":{\"502\":\"502\"}}}',1534149949,0,NULL,1534149949,1534149951),(601098,614,66,7,'{\"url\":\"https:\\/\\/e2e.api.goalous.com\\/circle_feed\\/503?from=email&team_id=66\",\"type\":6,\"count_num\":1,\"item_name\":[\"\\u516c\\u958b\\u30b5\\u30fc\\u30af\\u30eb\"],\"model_id\":\"503\",\"options\":{\"from_user_id\":\"614\"}}',1534150016,0,NULL,1534150016,1534150017),(601099,614,66,7,'{\"url\":\"https:\\/\\/e2e.api.goalous.com\\/post_permanent\\/71905?from=email&team_id=66\",\"type\":1,\"count_num\":1,\"item_name\":[\"1\"],\"model_id\":null,\"options\":{\"from_user_id\":\"614\",\"share_user_list\":[],\"share_circle_list\":{\"503\":\"503\"}}}',1534150501,0,NULL,1534150501,1534150502);
INSERT INTO `team_members` VALUES (693,614,66,NULL,NULL,NULL,NULL,1,0,1,1,0,1534226374,'【今、チームに貢献できることは？】\r\n\r\n【これからチームで実現してみたいことは？(具体的に)】\r\n\r\n【その他】',1,0,NULL,1534133785,1534141942),(694,615,66,NULL,NULL,NULL,NULL,1,0,1,0,0,1534149772,NULL,1,0,NULL,1534142270,1534142270),(695,616,66,NULL,NULL,NULL,NULL,1,0,1,0,0,NULL,NULL,0,0,NULL,1534142270,1534142270),(696,617,66,NULL,NULL,NULL,NULL,1,0,1,0,0,1534149874,NULL,1,0,NULL,1534142270,1534142270);
INSERT INTO `teams` VALUES (66,'E2ETest',NULL,1,0,NULL,4,3,9,0,NULL,'2018-08-13','2018-08-28',NULL,0,NULL,1534133785,1534133785);
INSERT INTO `terms` VALUES (200,66,'2018-08-01','2018-10-31',0,0,NULL,1534133785,1534133785),(201,66,'2018-11-01','2019-01-31',0,0,NULL,1534133785,1534133785),(202,66,'2019-02-01','2019-04-30',0,0,NULL,1534133785,1534133785);
INSERT INTO `terms_of_services` VALUES (1,'Goalous利用規約\n\n株式会社ＩＳＡＯ（以下「ISAO」といいます）は、世の中の「シゴト」を楽しくするツールとして、目標達成支援ツール「Goalous」を開発しました。ISAOは、Goalous利用規約（以下「本規約」といいます）の定めるところにより、ユーザーに対して、Goalousを提供します。ユーザーがGoalousサービスサイトの登録フォームにある「登録する」をクリックすることで、ユーザーは、本規約に同意し、ユーザーとISAOの間で「Goalous」利用契約（以下「Goalous利用契約」といいます）が成立し、ユーザーは本規約の定めに従ってGoalousを利用することができます。\n\n----\n\n第1章 総則\n第1条 （定義）\n本規約にて使用する用語はそれぞれ、次の意味で使用します。  \n① 「Goalous」とは、ISAOが開発し、提供する目標達成支援サービスである「Goalous」という名称のサービスに含まれる各種サービスの総称をいいます。  \n②「ユーザー」とは、Goalousの提供を受ける自然人をいいます。  \n③「サービス用設備等」とは、Goalousを提供するにあたり、当社（委託先を含む）が使用するシステム（コンピュータ・サーバ、ストレージ、電気通信設備その他の機器を含むがこれらに限定されません。以下同じ。）及びそれに関連するソフトウェア等（ＯＳ、ミドルウェア、各種アプリケーション・ソフトウェア、コンテンツ、データベース類を含むがこれらに限定されません。以下同じ）をいいます。  \n④「サービス環境」とは、サービス用設備等を通じてユーザーに提供されるサーバ、クラウドコンピューティング、ネットワーク等のプラットフォーム環境の総称をいいます。  \n⑤「データ等」とは、ユーザーがサービス環境内に蓄積、登録した（Goalousの利用により第三者からユーザーに対して提供、送信されたものを含みます）データ及び情報等をいいます。  \n⑥「チーム」とは、ユーザーがGoalousにおいて作成した課金の対象となる単位をいいます。  \n⑦「チームメンバー」とは、チームに招待され、加入したユーザーをいいます。  \n⑧「チーム管理者」とは、チームの管理者をいいます。  \n⑨「第三者」とは、当該ユーザー以外の者をいいます。  \n  \n第2条 （規約の適用）\nISAOは、本規約のほか、必要に応じて、Goalousの利用条件を定めます。  \n  \n第3条 （規約の変更）\nISAOは、ISAOの裁量によりいつでも本規約を改定することができます。ユーザーは、改定後の本規約施行日以降にGoalousを利用することで、本規約の改定に同意したものとみなします。  \n\n----\n\n第2章 契約の成立\n第4条（ユーザー情報とその変更通知）\n１．ユーザーは、Goalous利用申込時に、真正な氏名及びメールアドレス等のISAOが定める情報を、ISAO所定の方法によりISAOに対して届け出るものとします。  \n２．ユーザーは、前項の届出事項に変更があるときは、遅滞なく、ISAOに通知するものとします。  \n３．ISAOは、ユーザーが前項に定める通知を怠ったことでユーザーが損害を被った場合であっても、その責任を一切負わないものとします。  \n\n第5条（利用契約）\n１．ユーザーは、第4条に定める他ISAOが定める方法により、Goalousを利用するための申込を行い、ISAOがそれを承諾したとき、Goalous利用契約が成立するものとします。  \n２．ISAOは、Goalous利用契約締結を承諾するか否かを任意に決定することができ、特にユーザーに次の各号のいずれかの事由がある場合には、承諾を拒絶し、また取り消すことができるものとします。ただし、ISAOの拒絶・取消理由はこれらに限られないものとします。  \n(1) ユーザーの申込に従ってGoalousを提供することが技術上その他の理由で困難であるとき。  \n(2) ユーザーがGoalousの利用料金又はその他の費用の支払いを怠り、若しくは怠るおそれがあるとき（有料会員の場合）。  \n(3) ユーザーが提出した書類に虚偽の記載、誤記や記入漏れがあったとき。  \n(4) ユーザーに第18条（解除）第1 項各号の何れかに該当する事由があるとき、又はそのおそれのあるとき。  \n(5) ユーザーが違法に、又は明らかに公序良俗に反する態様でGoalousを利用し、又は利用するおそれがあるとき。  \n(6) ユーザーがISAO又は第三者の信用を毀損する態様でGoalousを利用し、又は利用するおそれがあるとき。  \n(7) ユーザーが、Goalousを利用する他のユーザーに対して支障を与える態様でGoalousを利用し、又は利用するおそれがあるとき。  \n(8) ユーザーがGoalousを人命に関わるような危険度の高い業務に利用する可能性があると判断したとき。  \n(9) ユーザーが過去にISAOからGoalous利用契約の承諾を拒絶され、解除され、又はGoalous若しくはISAOが提供する他のサービスの提供を停止されていたとき。  \n(10) 上記各号のほか、ISAOが、技術上あるいはビジネス上、ユーザーの申込に対して、継続的にGoalousを提供することができないと合理的に判断されるとき。  \n\n----\n\n第3章 Goalousの利用\n第6条（Goalousの提供）\n１．ISAOは、善良なる管理者の注意をもってGoalousを提供するものとします。  \n２．ISAOは、Goalousの提供にあたり、必要な範囲内でデータ等の複製、バックアップ、改変又は翻案等を行うことができるものとします。  \n３．ISAOは、Goalousを現状有姿又はベストエフォート方式にて提供し、何らかの性能やサービスレベルに関する保証を行うものではありません。  \n４．ISAOは、予告なくGoalousの仕様を変更する場合があります。  \n\n第7条（チーム管理者）\n１．ユーザーは、チームを作成した段階で当該チームのチーム管理者となります。  \n２．チーム管理者は、管理するチームにおいて以下のことができます。  \n(1) チームに他のユーザーを招待しチームメンバーにすること。  \n(2) チームメンバーをチームからの解除。  \n(3) チームメンバーからチーム管理者を選任及び解任。  \n(4) チーム内での情報発信（ゴール設定、アクション投稿、評価、ニュースフィード投稿、評価、サークル作成を含むがこれに限られない。以下、単に「チーム内情報発信」といいます）の削除。  \n\n第8条（委託）\n１．ISAOは、Goalousの提供に関して必要となる業務の全部又は一部を、ISAO以外の者（以下「本件委託先」といいます）に委託することがあります。  \n２．前項の場合、ISAOは、本件委託先を適切に管理するとともに、委託業務について、本規約の規定と同等の義務を負わせるものとします。  \n\n第9条（不可抗力）\nISAOは、地震、噴火、洪水、津波等の天災、伝染病・感染症の蔓延、戦争、暴動、内乱、法令の改廃（日本国に限られない）等の不可抗力（以下「不可抗力」といいます）により、Goalousの提供に困難が生じた場合は、Goalous利用契約の全部又は一部の履行の責を負わないものとします。その場合、ユーザーに対する損害賠償責任は生じないものとします。  \n\n第10条（Goalousの一時的な中断及び提供停止）\n１．ISAOは、次の各号のいずれかに該当する場合には、ユーザーへの事前の通知又はユーザーの承諾を要することなく、Goalousの提供を中断又は停止することがあります。  \n(1) サービス用設備等の定期的なメンテナンス作業を行う場合  \n(2) サービス用設備等の故障により緊急で保守を行う場合  \n(3) サービス用設備等の改良（バージョンアップ等）を行う場合  \n(4) 運用上又は技術上の必要がある場合  \n(5) 不可抗力によりGoalousを提供できない場合  \n(6) 法令上の規定に基づく場合  \n２．ISAOは、前項各号に定める事由のいずれかによりGoalousを提供できなかった場合であっても、ユーザーが被った損害について、一切その責任を負わないものとします。  \n３．サービス用設備等について生じた障害の修理又は復旧のため、必要がある場合には、ISAOはユーザーに対して協力を依頼することがあります。  \n\n第11条（Goalousの終了）\n１．ISAOは、次の各号のいずれかに該当する場合、Goalousの全部又は一部のサービスの提供を終了することができるものとします。  \n(1) 提供終了日の45日前までにユーザーに通知した場合。  \n(2) 不可抗力によりGoalousの提供が困難になった場合。  \n(3) サービス用設備等のうち、ISAOの作成・制作に係らないソフトウェア等又はISAOの製造に係らないハードウェア等のライセンス、製造若しくは販売停止等供給が停止し、若しくはそれらのサポートが終了となった場合。  \n２．前項により、Goalousの全部又は一部のサービスの提供を終了した場合でも、ISAOは、損害賠償義務をはじめとする何らの債務を負うことはないものとします。  \n\n----\n\n第4章 ユーザーの義務\n第12条（ログインID 及びパスワードの取扱）\n１．ユーザーは、サービス環境にアクセスするためにISAOから交付されたログインID 及びパスワード（以下「ID等」といいます）を第三者に開示、貸与、共有せず、また漏洩することのないよう厳重に管理するものとします。  \n２．ID等を用いたGoalousの利用その他一切の行為は、全てユーザーによる利用とみなし、以下のように取り扱うものとします。ただし、ISAOの責めに帰すべき事由により、ID等が第三者に利用された場合はこの限りではありません。  \n(1) ID等の管理不備、使用上の過誤、第三者の使用等によりユーザー自身及びその他の者が損害を被った場合でも、ISAOは一切その責任を負いません。  \n(2) ID等の不正利用行為によりISAOが損害を被った場合、ユーザーは当該損害を補填するものとします。  \n\n第13条 （利用料金の支払義務）\n１．ISAOは、ユーザーに対して、チームを単位として、チームメンバーの数に応じて、別途定める利用料金（以下「本件利用料金」といいます）を請求し、チームメンバーである各ユーザーはこれを連帯して支払うものとします。  \n２．前項にかかわらず、ユーザーは、ユーザー以外の法人、組織又は自然人 （以下「課金法人等」といいます）を本件利用料金の債務者として指定することができるものとします。  \n３．ユーザーは、前項の指定を行うに当たっては、課金法人等からその指定を行うことについての承諾を得るものとします。  \n４．課金法人等が指定された場合は、第1項の規定にかかわらず、ユーザーは本件利用料金の支払義務を負わないものとします。ただし、ユーザーが前項の承諾を得ていない場合は、この限りではありません。  \n５．第三者がユーザーのID等を用い、Goalousを利用した場合で、かかる利用により生じた本件利用料金の支払その他の債務一切についてはユーザーが負担するものとします。  \n\n第14条 （利用料金の支払方法）\n１．ユーザー又は課金法人等は、本件利用料金を月単位で支払うものとし、利用月の翌月末日までに、ISAOが別途定める方法により支払うものとします。  \n２．前項の支払いを怠ったときは、ユーザー又は課金法人等は、年１４．６％の割合による遅延損害金を支払うものとします。  \n\n第15条 （禁止事項）\n１．ユーザーはGoalousを利用するに当たり以下の各号の行為（以下「禁止行為」といいます）を行ってはならないものとします。  \n(1) Goalousの全部または一部を第三者に再提供・再販売する行為。  \n(2) 有害なコンピュータプログラムを送信する行為。  \n(3) サービス用設備等に含まれるシステム、ソフトウェア等のプログラムについてリバースエンジニアリング、逆コンパイル、逆アッセンブル等の解析・改変・改竄する行為。  \n(4) 故意又は過失によりトラフィック数を著しく上昇させる等、サービス用設備等及びサービス環境に損害を与える行為。  \n(5) サービス環境に法令に違反するデータ等を保管し、使用する行為。  \n(6) 公序良俗に反する行為、または公序良俗に反する情報を他人に提供する行為。  \n(7) 犯罪行為または犯罪行為を増長する行為。  \n(8) その他法律（国内外問わず）に抵触する行為。  \n(9) ISAOまたは第三者の権利を侵害する行為。  \n(10) ISAOまたは第三者に迷惑・不利益等を与える行為。  \n(11) 本規約の内容に違反する行為。  \n(12) 上記各号のおそれがある行為。  \n(13) その他、Goalousの運営を妨害する等客観的事実をもってISAOが不適切と判断する行為。  \n２．ユーザーは、第1項違反に起因する第三者からの請求によりISAOが被った又は被るおそれのある損害について賠償する責めを負い、かつ、自らの責任において第三者に対応する義務を負うものとします。  \n\n第16条 （バックアップ等）\n１．データ等については、ユーザー自らの責任で同一のデータ等をバックアップとして保存しておくものとします。  \n２．ISAOは、データ等の保管、保存、バックアップ等に関して、一切責任を負わないものとします。  \n\n----\n\n第5章 契約期間等\n第17条 （利用期間）\nユーザーは、Goalous利用契約をいつでも終了し、退会することができます。ただし、ユーザーが、チームメンバーとなっている場合は、退会できません。  \n\n第18条 （解除）\n１．ISAOは、ユーザーに以下の各号の事由が生じた場合、ユーザーへの事前の通知若しくは催告を要することなく、Goalous利用契約を解除します。  \n(1) 本規約に違反し、かつISAOの催告から相当期間を経過してもなお改めないとき。  \n(2) ユーザーの行為が禁止行為に該当し、またその他本規約の条項に違反しているとISAOが判断したとき。  \n(3) 本規約に関連して不正又は虚偽の申立を行う等の信義に反する行為を行ったとき。  \n(4) 一回でも手形又は小切手の不渡りを出したとき。  \n(5) 破産の申立、民事再生手続開始の申立、会社更生手続開始の申立若しくは特別清算開始の申立、又はそれらの手続の開始があったとき。  \n(6) 解散の決議をしたとき。  \n(7) 財産状態が著しく悪化し、又はその恐れがあると認められる相当の事由があるとき。  \n(8) その他ユーザーにGoalousを提供することが困難となる事由が生じたとき。  \n(9) 自らが反社会的勢力（「暴力団員による不当な行為の防止等に関する法律」に定義する暴力団又は暴力団員およびその関係団体その他の反社会的団体または勢力をいいます）であること、あるいは反社会的勢力と取引等をおこなっていることが判明したとき。    \n(10) 代表者、役員、若しくは法人自らが刑事訴追を受けた場合。    \n(11) 行政から営業停止等の処分を受けた場合。  \n２．ユーザーは、前項による解除時点で未払いのサービス利用料金等ISAOに対する債務がある場合には、当該債務について直ちに期限の利益を失うこととします。    \n３．ISAOは、第1項の定めにより解除した場合であっても、解除までの期間に対応するサービス利用料金等の請求権を失いません。  \n\n第19条（契約終了の場合のデータ等）  \n１．ISAOは、理由の如何を問わずGoalous利用契約が終了した場合、データ等を削除します。    \n２．前項の削除によるユーザーの直接並びに間接の損害に対して、ISAOはいかなる責任も負わないものとします。\n\n第20条（存続条項）\nGoalous利用契約が終了した場合でも、第9条、第10条第2項、第11条第2項、第12条第2項、第14条第2項、第15条第2項、第16条第2項、第18条第3項、第19条、第21条第3項、第22条（終了後5年間）、第25項第2項ないし第3項、第26条、第27条、第31条及び第33条の各条項は有効であるものとします。  \n\n----\n\n第6章 情報の取扱\n第21条（チーム内情報発信の取扱い）\n１．チーム内情報発信については、各ユーザーが自らの責任と負担において行うものとし、チーム内情報発信に起因する紛争について当社は一切の関与をせず、また，ユーザーは当社の関与を求めないものとします。  \n２．チーム内情報発信の統制やチーム内情報発信に含まれるチームメンバーの個人情報の取扱方法等については、チーム内で解決するものとし、ISAOはこれに関与する義務を負わないものとします。  \n３．チーム内情報発信にもとづいてチームメンバーが損害を被ったとしても、ISAOはその損害について賠償の責めを負わないものとします。  \n\n第22条（秘密保持義務）\n１．ユーザーは、Goalous利用契約に関連し、若しくは付随してISAOから提供され又は開示を受ける技術上、営業上、財務上並びにその他の一切の資料および情報（総称して、以下「本件機密情報」といいます）を秘密として厳重に管理および維持し、事前に相手方から書面による承諾を得ることなく本件機密情報のいかなる部分も第三者に一切開示し又は漏洩しないものとします。  \n２．前項の規定にかかわらず、ユーザーにおいて、以下の各号の一に該当することを証明した情報についてはこの限りではない。\n(1) 既に公知、公用の情報。  \n(2) 開示後ユーザーの責によらず公知、公用となった情報。  \n(3) 開示を受けた時に既に知得していた情報。  \n(4) 開示を受けた後、正当な権限を有する第三者より守秘義務を負うことなく入手した情報。  \n(5) 法令により開示することが義務づけられた情報。  \n(6) 開示された本件機密情報と無関係に開発、創作した情報。  \n３．ユーザーは、本件機密情報を、当該本件機密情報を知る必要のある自己の役員および従業員のみに開示することができるものとし、当該役員および従業員に対して本条に定める秘密保持義務を遵守させるものとします。  \n４．ユーザーは、事前の書面による相手方の承諾を得ることなく、本件機密情報を本規約の履行以外の目的で一切使用してはならないものとします。  \n\n第23条（データ等の取扱い）\n１．ISAOは、データ等をGoalous利用契約の履行のためにのみ使用し、他の目的には使用しません。  \n２．ISAOは、データ等を以下の各号に定める場合のほか第三者に開示しません。  \n(1) 法令に基づく開示の義務がある場合  \n(2) 生命、身体又は財産を保護するためにやむを得ない事由がある場合  \n(3) Goalous利用契約を履行するために本件委託先に開示する場合  \n(4) その他Goalous利用契約を履行する上でやむを得ない事由がある場合  \n\n第24条（個人情報の取り扱い）\nISAOは、ユーザーから取得した個人情報（個人情報とは、生存する個人に関する情報であって、当該情報に含まれる氏名、生年月日その他の記述等により特定の個人を識別することができる情報〔他の情報と容易に照合することができ、それにより特定の個人を識別することができることとなるものを含む〕。以下「本件個人情報」といいます）については、個人情報保護法に従って適切に取り扱うものとします。  \n\n----\n\n第7章 責任\n第25条（サービスの利用に関する責任）\n１．ユーザーは、Goalous利用に際し、第三者との間で生じたトラブル・紛争、あるいは第三者からの損害賠償請求、その他、Goalousを利用した一切のユーザーの行為及びその結果について、一切の責任を負い、ISAOに対していかなる迷惑及び損害も与えないものとします。  \n２．前項に定める事由によりISAOが損害を蒙った場合は、ユーザーはその損害を賠償するものとします。  \n３．ユーザーは、Goalousの利用に関して、第三者に対して損害を与えた場合、ISAOによる本規約違反がある場合を除き、自己の責任と負担において当該損害を賠償するものとします。  \n４．Goalousに関し、第三者に損害が発生した場合において、ISAOが当該第三者から裁判上若しくは裁判外を問わず損害賠償の請求を受け、和解金、解決金、損賠賠償金その他名目の如何を問わず当該第三者に対して金員を支払った場合には、紛争の解決に要した費用を含め全てユーザーが負担し、ユーザーはISAOの求償に応じるものとします。  \n\n第26条（免責）\n１．ISAOは、以下の事由によりユーザーに発生した損害については、債務不履行責任、不法行為責任、その他の法律上の請求原因の如何を問わず賠償の責任を負わないものとします。  \n(1) サービス用設備等に関する不具合、瑕疵、バグ等による損害  \n(2)データ等の漏洩、滅失又は消失等による損害  \n(3) データ等によって生じた紛争等により生じた損害  \n(4) ユーザーがセキュリティリスクのあるソフトウェア等をGoalous上で使用したことに起因する、又はユーザーの設備等に起因するデータ等の漏洩、滅失若しくは消失等による損害  \n(5) ISAOが定める手順・セキュリティ手段等をユーザーが遵守しないことに起因して発生した損害  \n(6) ユーザーの設備等の障害又はサービス用設備等あるいはサービス環境までのインターネット接続サービスの不具合等ユーザーの接続環境の障害による損害  \n(7) ISAOが導入しているコンピュータウィルス対策ソフトウェアが対応していない種類のコンピュータウィルスのサービス用設備等への感染による損害  \n(8) 善良なる管理者の注意をもってしても防御し得ないサービス用設備等及びサービス環境へ第三者による不正アクセス又はアタック又は通信経路上での傍受による損害  \n(9) 国内外の法令にもとづく差押等の措置により、サービス用設備等の使用が不能となり、また法令に基づいた監督官庁の要請によりGoalousの提供が不能になったことによる損害  \n(10) Goalousを医学、人命又は人体等に係る業務に利用した場合に生じた損害  \n(11) 不可抗力による損害  \n(12)その他ISAOの責に帰すべからざる事由による損害  \n２．ISAOは、Goalousについて、ユーザーの利用目的に対する適合性及び商業性について一切の保証を行いません。  \n３．ISAOの責に帰すことができない事由から生じた損害、ISAOの予見の有無を問わず特別の事情から生じた損害及びユーザーの逸失利益については、ISAOは一切その賠償責任を負わないものとします。  \n\n----\n\n第8章 その他一般規定\n第27条（知的財産権等）\n１．サービス用設備等を構成するソフトウェア、Goalousに関する商標、コンテンツ、Goalous提供のためにユーザーに提示した資料等に関する全ての知的財産権（以下「本件知的財産権」といいます）については、ISAO及び本件委託先その他正当な権利を有する第三者（以下、総称して「権利者」といいます）に帰属するものとし、Goalous利用契約の締結によりユーザーに対して何らの権利を移転し、又は本規約に定める以外の使用又は利用を許諾するものではありません。  \n２．ISAOは、ユーザーに対して、ユーザーによるGoalous利用において必要な範囲及び期間内で、非独占的な本件知的財産権の使用許諾権を与えるものとします。その場合、Goalous利用料に当該使用許諾の対価が含まれているものとします。  \n３．ユーザーは、本件知的財産権の侵害により権利者に損害を発生させた場合は、損害賠償の責めを負うものとします。  \n\n第28条（権利義務譲渡の禁止）\nユーザーは、第三者に対し、Goalous利用契約上の契約者たる地位又はこれに基づく権利若しくは義務の全部若しくは一部を第三者に対し譲渡又は担保提供してはならないものとします。  \n\n第29条（通知方法）  \n１．本規約に基づきISAOがユーザーに対して行なう通知その他の連絡は、Goalous上への掲示、ISAOホームページによる掲示、電子メール、書面等の方式のうち、ISAOが選択する適切かつ合理的な方式で行ないます。  \n２．前項の通知その他の連絡先は、ユーザーの届け出たものとします。ユーザーの届け出た連絡先が事実とは異なるために通知その他の連絡がユーザーに到達しなかったときは、その通知等が通常到達すべきときにユーザーに到達したものとみなします。  \n３．通知その他の連絡を電子メールにより行った場合は、ISAOがユーザーの届け出た連絡先のアドレスに電子メールを発信した時点で到達したものとみなし、Goalousおよびホームページへの掲載により行った場合は、ユーザーが当該ページを閲覧することが可能となった時点で到達したものとみなします。  \n\n第30条（分離性）\n本規約において、条項の全部または一部が法令上無効とされた場合、当該条項についてのみ効力を失うものとし、それ以外の各条項は引き続き有効なものとして、ユーザーおよびISAOに適用されるものとします。  \n\n第31条（準拠法）\n本規約の成立、効力、履行及び解釈に関する準拠法は、日本法とします。  \n\n第32条（協議等）\n本規約に規定のない事項及び規定された項目について疑義が生じた場合は両者誠意を持って協議の上解決することとします。  \n\n第33条（合意管轄）\n本規約の内容につき、ユーザーとISAOの間で紛争が生じ、訴訟又は調停の必要がある場合には、東京地方裁判所を第一審の専属的合意管轄裁判所とします。  \n\n----\n\n附 則\n１．本規約は、2016年2月15日より施行します。','','2016-02-15',0,NULL,1506115568,1506115568),(2,'Goalous利用規約\n \n株式会社ＩＳＡＯ（以下「ISAO」といいます）は、世の中の「シゴト」を楽しくするツールとして、目標達成支援ツール「Goalous」を開発しました。ISAOは、Goalous利用規約（以下「本規約」といいます）の定めるところにより、ユーザーに対して、Goalousを提供します。ユーザーがGoalousサービスサイトの登録フォームにある「登録する」をクリックすることで、ユーザーは、本規約に同意し、ユーザーとISAOの間で「Goalous」利用契約（以下「Goalous利用契約」といいます）が成立し、ユーザーは本規約の定めに従ってGoalousを利用することができます。\n \n第1章 総則\n第1条 （定義）\n本規約にて使用する用語はそれぞれ、次の意味で使用します。\n① 「Goalous」とは、ISAOが開発し、提供する目標達成支援サービスである「Goalous」という名称のサービスに含まれる各種サービスの総称をいいます。\n②「ユーザー」とは、Goalousの提供を受ける自然人をいいます。\n③「サービス用設備等」とは、Goalousを提供するにあたり、ISAO（委託先を含む）が使用するシステム（コンピュータ・サーバ、ストレージ、電気通信設備その他の機器を含むがこれらに限定されません。以下同じ。）及びそれに関連するソフトウェア等（ＯＳ、ミドルウェア、各種アプリケーション・ソフトウェア、コンテンツ、データベース類を含むがこれらに限定されません。以下同じ）をいいます。\n④「サービス環境」とは、サービス用設備等を通じてユーザーに提供されるサーバ、クラウドコンピューティング、ネットワーク等のプラットフォーム環境の総称をいいます。\n⑤「データ等」とは、ユーザーがサービス環境内に蓄積、登録した（Goalousの利用により第三者からユーザーに対して提供、送信されたものを含みます）データ及び情報等をいいます。\n⑥「チーム」とは、ユーザーがGoalousにおいて作成した課金の対象となる単位をいいます。\n⑦「チームメンバー」とは、チームに招待され、加入したユーザーをいいます。\n⑧「チーム管理者」とは、チームの管理者をいいます。\n⑨「第三者」とは、当該ユーザー以外の者をいいます。\n⑩「課金特則」とは、本規約に付随する「Goalous利用料金に関する特則」をいいます。\n⑪「トライアルサービス」とは、Goalousの利用を希望するユーザーに対して、ISAOが定める期間と利用範囲において、Goalousを無償で利用できるサービスをいいます。トライアルサービスの詳細は、本規約第34条に定めるとおりとします。\n  \n第2条 （規約の適用）\nISAOは、本規約のほか、必要に応じて、Goalousの利用条件を定めます。\n第3条 （規約の変更）\nISAOは、ISAOの裁量によりいつでも本規約を改定することができます。ユーザーは、改定後の本規約施行日以降にGoalousを利用することで、本規約の改定に同意したものとみなします。\n第2章 契約の成立\n第4条（ユーザー情報とその変更通知）\n１．ユーザーは、Goalous利用申込時に、真正な氏名及びメールアドレス等のISAOが定める情報を、ISAO所定の方法によりISAOに対して届け出るものとします。\n２．ユーザーは、前項の届出事項に変更があるときは、遅滞なく、ISAOに通知するものとします。\n３．ISAOは、ユーザーが前項に定める通知を怠ったことでユーザーが損害を被った場合であっても、その責任を一切負わないものとします。\n第5条（利用契約）\n１．ユーザーは、第4条に定める他ISAOが定める方法により、Goalousを利用するための申込を行い、ISAOがそれを承諾したとき、Goalous利用契約が成立するものとします。\n２．ISAOは、Goalous利用契約締結を承諾するか否かを任意に決定することができ、特にユーザーに次の各号のいずれかの事由がある場合には、承諾を拒絶し、また取り消すことができるものとします。ただし、ISAOの拒絶・取消理由はこれらに限られないものとします。\n(1) ユーザーの申込に従ってGoalousを提供することが技術上その他の理由で困難であるとき。\n(2) ユーザーが第１３条に定めるGoalous利用料金（以下「本件利用料金」といいます） 又はその他の費用の支払いを怠り、若しくは怠るおそれがあるとき。\n(3) ユーザーが提出した書類に虚偽の記載、誤記や記入漏れがあったとき。\n(4) ユーザーに第18条（解除）第1 項各号の何れかに該当する事由があるとき、又はそのおそれのあるとき。\n(5) ユーザーが違法に、又は明らかに公序良俗に反する態様でGoalousを利用し、又は利用するおそれがあるとき。\n(6) ユーザーがISAO又は第三者の信用を毀損する態様でGoalousを利用し、又は利用するおそれがあるとき。\n(7) ユーザーが、Goalousを利用する他のユーザーに対して支障を与える態様でGoalousを利用し、又は利用するおそれがあるとき。\n(8) ユーザーがGoalousを人命に関わるような危険度の高い業務に利用する可能性があると判断したとき。\n(9) ユーザーが過去にISAOからGoalous利用契約の承諾を拒絶され、解除され、又はGoalous若しくはISAOが提供する他のサービスの提供を停止されていたとき。\n(10) 上記各号のほか、ISAOが、技術上あるいはビジネス上、ユーザーの申込に対して、継続的にGoalousを提供することができないと合理的に判断されるとき。\n３．ユーザーがGoalousサービスサイトより有償利用申込をおこなった日より、有償利用が開始します（以下「有償利用」といいます）。\n第3章 Goalousの利用\n第6条（Goalousの提供）\n１．ISAOは、善良なる管理者の注意をもってGoalousを提供するものとします。\n２．ISAOは、Goalousの提供にあたり、必要な範囲内でデータ等の複製、バックアップ、改変又は翻案等を行うことができるものとします。\n３．ISAOは、Goalousを現状有姿又はベストエフォート方式にて提供し、何らかの性能やサービスレベルに関する保証を行うものではありません。\n４．ISAOは、予告なくGoalousの仕様を変更する場合があります。\n第7条（チーム管理者）\n１．ユーザーは、チームを作成した段階で当該チームのチーム管理者となります。\n２．チーム管理者は、管理するチームにおいて以下のことができます。\n(1) チームに他のユーザーを招待しチームメンバーにすること。\n(2) チームメンバーをチームからの解除。\n(3) チームメンバーからチーム管理者を選任及び解任。\n(4) チーム内での情報発信（ゴール設定、アクション投稿、評価、ニュースフィード投稿、評価、サークル作成を含むがこれに限られない。以下、単に「チーム内情報発信」といいます）の削除。\n第8条（委託）\n１．ISAOは、Goalousの提供に関して必要となる業務の全部又は一部を、ISAO以外の者（以下「本件委託先」といいます）に委託することがあります。\n２．前項の場合、ISAOは、本件委託先を適切に管理するとともに、委託業務について、本規約の規定と同等の義務を負わせるものとします。\n  \n第9条（不可抗力）\nISAOは、地震、噴火、洪水、津波等の天災、伝染病・感染症の蔓延、戦争、暴動、内乱、法令の改廃（日本国に限られない）等の不可抗力（以下「不可抗力」といいます）により、Goalousの提供に困難が生じた場合は、Goalous利用契約の全部又は一部の履行の責を負わないものとします。その場合、ユーザーに対する損害賠償責任は生じないものとします。\n第10条（Goalousの一時的な中断及び提供停止）\n１．ISAOは、次の各号のいずれかに該当する場合には、ユーザーへの事前の通知又はユーザーの承諾を要することなく、Goalousの提供を中断又は停止することがあります。\n(1) サービス用設備等の定期的なメンテナンス作業を行う場合\n(2) サービス用設備等の故障により緊急で保守を行う場合\n(3) サービス用設備等の改良（バージョンアップ等）を行う場合\n(4) 運用上又は技術上の必要がある場合\n(5) 不可抗力によりGoalousを提供できない場合\n(6) 法令上の規定に基づく場合\n２．ISAOは、前項各号に定める事由のいずれかによりGoalousを提供できなかった場合であっても、ユーザーが被った損害について、一切その責任を負わないものとします。\n３．サービス用設備等について生じた障害の修理又は復旧のため、必要がある場合には、ISAOはユーザーに対して協力を依頼することがあります。\n第11条（Goalousの終了）\n１．ISAOは、次の各号のいずれかに該当する場合、Goalousの全部又は一部のサービスの提供を終了することができるものとします。\n(1) 提供終了日の45日前までにユーザーに通知した場合。\n(2) 不可抗力によりGoalousの提供が困難になった場合。\n(3) サービス用設備等のうち、ISAOの作成・制作に係らないソフトウェア等又はISAOの製造に係らないハードウェア等のライセンス、製造若しくは販売停止等供給が停止し、若しくはそれらのサポートが終了となった場合。\n２．前項により、Goalousの全部又は一部のサービスの提供を終了した場合でも、ISAOは、損害賠償義務をはじめとする何らの債務を負うことはないものとします。\n第4章 ユーザーの義務\n第12条（ログインID 及びパスワードの取扱）\n１．ユーザーは、サービス環境にアクセスするためにISAOから交付されたログインID 及びパスワード（以下「ID等」といいます）を第三者に開示、貸与、共有せず、また漏洩することのないよう厳重に管理するものとします。\n２．ID等を用いたGoalousの利用その他一切の行為は、全てユーザーによる利用とみなし、以下のように取り扱うものとします。ただし、ISAOの責めに帰すべき事由により、ID等が第三者に利用された場合はこの限りではありません。\n(1) ID等の管理不備、使用上の過誤、第三者の使用等によりユーザー自身及びその他の者が損害を被った場合でも、ISAOは一切その責任を負いません。\n(2) ID等の不正利用行為によりISAOが損害を被った場合、ユーザーは当該損害を補填するものとします。\n第13条 （利用料金）\n１．本件利用料金は、本サービスサイトに記載のとおりとします。\n２．ユーザーは、本件利用料金にかかる消費税など全ての税金（以下、総称して税金という）の支払い責任を負い、有効な非課税証明書を提示されない限り、本件利用料金に相応する税金を差し引くことなく全額を支払うものとします。\n３．理由のいかんにかかわらずISAOは本件利用料金を一切返金しないものとします。\n第14条 （利用料金の支払方法）\n１．ユーザー又は課金法人等は、ISAOに対し、課金特則の定めに従い、本件利用料金を支払うものとします。\n２．前項の支払いを怠ったときは、ユーザー又は課金法人等は、年１４．６％の割合による遅延損害金を支払うものとします。\n第15条 （禁止事項）\n１．ユーザーはGoalousを利用するに当たり以下の各号の行為（以下「禁止行為」といいます）を行ってはならないものとします。\n(1) Goalousの全部または一部を第三者に再提供・再販売する行為。\n(2) 有害なコンピュータプログラムを送信する行為。\n(3) サービス用設備等に含まれるシステム、ソフトウェア等のプログラムについてリバースエンジニアリング、逆コンパイル、逆アッセンブル等の解析・改変・改竄する行為。\n(4) 故意又は過失によりトラフィック数を著しく上昇させる等、サービス用設備等及びサービス環境に損害を与える行為。\n(5) サービス環境に法令に違反するデータ等を保管し、使用する行為。\n(6) 公序良俗に反する行為、または公序良俗に反する情報を他人に提供する行為。\n(7) 犯罪行為または犯罪行為を増長する行為。\n(8) その他法律（国内外問わず）に抵触する行為。\n(9) ISAOまたは第三者の権利を侵害する行為。\n(10) ISAOまたは第三者に迷惑・不利益等を与える行為。\n(11) 本規約の内容に違反する行為。\n(12) 上記各号のおそれがある行為。\n(13) その他、Goalousの運営を妨害する等客観的事実をもってISAOが不適切と判断する行為。\n２．ユーザーは、第1項違反に起因する第三者からの請求によりISAOが被った又は被るおそれのある損害について賠償する責めを負い、かつ、自らの責任において第三者に対応する義務を負うものとします。\n第16条 （バックアップ等）\n１．データ等については、ユーザー自らの責任で同一のデータ等をバックアップとして保存しておくものとします。\n２．ISAOは、データ等の保管、保存、バックアップ等に関して、一切責任を負わないものとします。\n第5章 契約期間等\n第17条 （利用期間）\n１．ユーザーは、トライアルサービス期間中、Goalous利用契約をいつでも終了し、退会することができます。ただし、ユーザーが、チームメンバーとなっている場合は、退会できません。\n２．有償利用している場合、退会する場合の本件利用料金の扱いは課金特則の定めに従います。\n第18条 （解除）\n１．ISAOは、ユーザーに以下の各号の事由が生じた場合、ユーザーへの事前の通知若しくは催告を要することなく、Goalous利用契約を解除します。\n(1) 本規約に違反し、かつISAOの催告から相当期間を経過してもなお改めないとき。\n(2) ユーザーの行為が禁止行為に該当し、またその他本規約の条項に違反しているとISAOが判断したとき。\n(3) 本規約に関連して不正又は虚偽の申立を行う等の信義に反する行為を行ったとき。\n(4) 一回でも手形又は小切手の不渡りを出したとき。\n(5) 破産の申立、民事再生手続開始の申立、会社更生手続開始の申立若しくは特別清算開始の申立、又はそれらの手続の開始があったとき。\n(6) 解散の決議をしたとき。\n(7) 財産状態が著しく悪化し、又はその恐れがあると認められる相当の事由があるとき。\n(8) その他ユーザーにGoalousを提供することが困難となる事由が生じたとき。\n(9) 自らが反社会的勢力（「暴力団員による不当な行為の防止等に関する法律」に定義する暴力団又は暴力団員およびその関係団体その他の反社会的団体または勢力をいいます）であること、あるいは反社会的勢力と取引等をおこなっていることが判明したとき。\n(10) 代表者、役員、若しくは法人自らが刑事訴追を受けた場合。\n(11) 行政から営業停止等の処分を受けた場合。\n２．ユーザーは、前項による解除時点で未払いのサービス利用料金等ISAOに対する債務がある場合には、当該債務について直ちに期限の利益を失うこととします。\n３．ISAOは、第1項の定めにより解除した場合であっても、解除までの期間に対応するサービス利用料金等の請求権を失いません。\n第19条（契約終了の場合のデータ等）\n１．ISAOは、理由の如何を問わずGoalous利用契約が終了した場合、データ等を削除します。\n２．前項の削除によるユーザーの直接並びに間接の損害に対して、ISAOはいかなる責任も負わないものとします。\n第20条（存続条項）\nGoalous利用契約が終了した場合でも、第9条、第10条第2項、第11条第2項、第12条第2項、第14条第2項、第15条第2項、第16条第2項、第18条第3項、第19条、第21条第3項、第22条（終了後5年間）、第25項第2項ないし第3項、第26条、第27条、第31条及び第33条の各条項は有効であるものとします。\n第6章 情報の取扱\n第21条（チーム内情報発信の取扱い）\n１．チーム内情報発信については、各ユーザーが自らの責任と負担において行うものとし、チーム内情報発信に起因する紛争についてISAOは一切の関与をせず、また，ユーザーはISAOの関与を求めないものとします。\n２．チーム内情報発信の統制やチーム内情報発信に含まれるチームメンバーの個人情報の取扱方法等については、チーム内で解決するものとし、ISAOはこれに関与する義務を負わないものとします。\n３．チーム内情報発信にもとづいてチームメンバーが損害を被ったとしても、ISAOはその損害について賠償の責めを負わないものとします。\n第22条（秘密保持義務）\n１．ユーザーは、Goalous利用契約に関連し、若しくは付随してISAOから提供され又は開示を受ける技術上、営業上、財務上並びにその他の一切の資料および情報（総称して、以下「本件機密情報」といいます）を秘密として厳重に管理および維持し、事前に相手方から書面による承諾を得ることなく本件機密情報のいかなる部分も第三者に一切開示し又は漏洩しないものとします。\n２．前項の規定にかかわらず、ユーザーにおいて、以下の各号の一に該当することを証明した情報についてはこの限りではない。 (1) 既に公知、公用の情報。\n(2) 開示後ユーザーの責によらず公知、公用となった情報。\n(3) 開示を受けた時に既に知得していた情報。\n(4) 開示を受けた後、正当な権限を有する第三者より守秘義務を負うことなく入手した情報。\n(5) 法令により開示することが義務づけられた情報。\n(6) 開示された本件機密情報と無関係に開発、創作した情報。\n３．ユーザーは、本件機密情報を、当該本件機密情報を知る必要のある自己の役員および従業員のみに開示することができるものとし、当該役員および従業員に対して本条に定める秘密保持義務を遵守させるものとします。\n４．ユーザーは、事前の書面による相手方の承諾を得ることなく、本件機密情報を本規約の履行以外の目的で一切使用してはならないものとします。\n第23条（データ等の取扱い）\n１．ISAOは、データ等をGoalous利用契約の履行のためにのみ使用し、他の目的には使用しません。\n２．ISAOは、データ等を以下の各号に定める場合のほか第三者に開示しません。\n(1) 法令に基づく開示の義務がある場合\n(2) 生命、身体又は財産を保護するためにやむを得ない事由がある場合\n(3) Goalous利用契約を履行するために本件委託先に開示する場合\n(4) その他Goalous利用契約を履行する上でやむを得ない事由がある場合\n第24条（個人情報の取り扱い）\n１．ISAOは、ユーザーから取得した個人情報（個人情報とは、生存する個人に関する情報であって、当該情報に含まれる氏名、生年月日その他の記述等により特定の個人を識別することができる情報〔他の情報と容易に照合することができ、それにより特定の個人を識別することができることとなるものを含む〕。以下「本件個人情報」といいます）については、個人情報保護法に従って適切に取り扱うものとします。\n２．利用料金の支払につき、支払方法により以下のようにユーザーの個人情報を利用するものとします。\n①クレジットカードにて支払う場合、お支払いの際に必要なユーザーのクレジットカード情報を委託先に提供し、ISAOでは取得したクレジットカード情報に関する一切の情報は保持しません。クレジットカード情報については、受注情報として各種法令の定めにより保持義務を負う期間が経過するまで保存します。\n②請求書払いにて支払う場合、委託先が提供する決済サービスを利用する範囲内で、ユーザーに関する情報を委託先へ提供する場合があります。\n第7章 責任\n第25条（サービスの利用に関する責任）\n１．ユーザーは、Goalous利用に際し、第三者との間で生じたトラブル・紛争、あるいは第三者からの損害賠償請求、その他、Goalousを利用した一切のユーザーの行為及びその結果について、一切の責任を負い、ISAOに対していかなる迷惑及び損害も与えないものとします。\n２．前項に定める事由によりISAOが損害を蒙った場合は、ユーザーはその損害を賠償するものとします。\n３．ユーザーは、Goalousの利用に関して、第三者に対して損害を与えた場合、ISAOによる本規約違反がある場合を除き、自己の責任と負担において当該損害を賠償するものとします。\n４．Goalousに関し、第三者に損害が発生した場合において、ISAOが当該第三者から裁判上若しくは裁判外を問わず損害賠償の請求を受け、和解金、解決金、損賠賠償金その他名目の如何を問わず当該第三者に対して金員を支払った場合には、紛争の解決に要した費用を含め全てユーザーが負担し、ユーザーはISAOの求償に応じるものとします。\n第26条（免責）\n１．ISAOは、以下の事由によりユーザーに発生した損害については、債務不履行責任、不法行為責任、その他の法律上の請求原因の如何を問わず賠償の責任を負わないものとします。\n(1) サービス用設備等に関する不具合、瑕疵、バグ等による損害\n(2) データ等の漏洩、滅失又は消失等による損害\n(3) データ等によって生じた紛争等により生じた損害\n(4) ユーザーがセキュリティリスクのあるソフトウェア等をGoalous上で使用したことに起因する、又はユーザーの設備等に起因するデータ等の漏洩、滅失若しくは消失等による損害\n(5) ISAOが定める手順・セキュリティ手段等をユーザーが遵守しないことに起因して発生した損害\n(6) ユーザーの設備等の障害又はサービス用設備等あるいはサービス環境までのインターネット接続サービスの不具合等ユーザーの接続環境の障害による損害\n(7) ISAOが導入しているコンピュータウィルス対策ソフトウェアが対応していない種類のコンピュータウィルスのサービス用設備等への感染による損害\n(8) 善良なる管理者の注意をもってしても防御し得ないサービス用設備等及びサービス環境へ第三者による不正アクセス又はアタック又は通信経路上での傍受による損害\n(9) 国内外の法令にもとづく差押等の措置により、サービス用設備等の使用が不能となり、また法令に基づいた監督官庁の要請によりGoalousの提供が不能になったことによる損害\n(10) Goalousを医学、人命又は人体等に係る業務に利用した場合に生じた損害\n(11) 不可抗力による損害\n(12)その他ISAOの責に帰すべからざる事由による損害\n２．ISAOは、Goalousについて、ユーザーの利用目的に対する適合性及び商業性について一切の保証を行いません。\n３．ISAOの責に帰すことができない事由から生じた損害、ISAOの予見の有無を問わず特別の事情から生じた損害及びユーザーの逸失利益については、ISAOは一切その賠償責任を負わないものとします。\n第8章 その他一般規定\n第27条（知的財産権等）\n１．サービス用設備等を構成するソフトウェア、Goalousに関する商標、コンテンツ、Goalous提供のためにユーザーに提示した資料等に関する全ての知的財産権（以下「本件知的財産権」といいます）については、ISAO及び本件委託先その他正当な権利を有する第三者（以下、総称して「権利者」といいます）に帰属するものとし、Goalous利用契約の締結によりユーザーに対して何らの権利を移転し、又は本規約に定める以外の使用又は利用を許諾するものではありません。\n２．ISAOは、ユーザーに対して、ユーザーによるGoalous利用において必要な範囲及び期間内で、非独占的な本件知的財産権の使用許諾権を与えるものとします。その場合、Goalous利用料に当該使用許諾の対価が含まれているものとします。\n３．ユーザーは、本件知的財産権の侵害により権利者に損害を発生させた場合は、損害賠償の責めを負うものとします。\n第28条（権利義務譲渡の禁止）\nユーザーは、第三者に対し、Goalous利用契約上の契約者たる地位又はこれに基づく権利若しくは義務の全部若しくは一部を第三者に対し譲渡又は担保提供してはならないものとします。\n第29条（通知方法）\n１．本規約に基づきISAOがユーザーに対して行なう通知その他の連絡は、Goalous上への掲示、ISAOホームページによる掲示、電子メール、書面等の方式のうち、ISAOが選択する適切かつ合理的な方式で行ないます。\n２．前項の通知その他の連絡先は、ユーザーの届け出たものとします。ユーザーの届け出た連絡先が事実とは異なるために通知その他の連絡がユーザーに到達しなかったときは、その通知等が通常到達すべきときにユーザーに到達したものとみなします。\n３．通知その他の連絡を電子メールにより行った場合は、ISAOがユーザーの届け出た連絡先のアドレスに電子メールを発信した時点で到達したものとみなし、Goalousおよびホームページへの掲載により行った場合は、ユーザーが当該ページを閲覧することが可能となった時点で到達したものとみなします。\n第30条（分離性）\n本規約において、条項の全部または一部が法令上無効とされた場合、当該条項についてのみ効力を失うものとし、それ以外の各条項は引き続き有効なものとして、ユーザーおよびISAOに適用されるものとします。\n第31条（準拠法）\n本規約の成立、効力、履行及び解釈に関する準拠法は、日本法とします。\n第32条（協議等）\n本規約に規定のない事項及び規定された項目について疑義が生じた場合は両者誠意を持って協議の上解決することとします。\n第33条（合意管轄）\n本規約の内容につき、ユーザーとISAOの間で紛争が生じ、訴訟又は調停の必要がある場合には、東京地方裁判所を第一審の専属的合意管轄裁判所とします。\n  \n第34条　（トライアルサービス）\n１．Goalous利用希望者は、Goalousの正式導入検討及び各機能の評価を目的とする場合に限り、ISAOが定める期間と範囲において、Goalousを無償で試用することができます。\n２．ISAOは、トライアルサービス満了日が到来する前日までに、ユーザーに対し、その満了日を通知するものとします。\n３．ユーザーは、トライアルサービス利用期間中に引き続きGoalousを利用することを希望する場合、トライアルサービスの期間満了日（以下、本条において「トライアルサービス期間満了日」といいます。）までに、Goalousサービスサイト上で有償利用申込（以下「有償利用申込」といいます）をおこなうものとします。有償利用申込完了をもって、有償利用（以下「有償利用」といいます）が開始します。\n４．有償利用申込がトライアルサービス期間満了日までに、ISAOに到達しなかったときは、ISAOは、ユーザーにGoalousの継続利用の意思がないものとみなし、トライアルサービス期間了日をもって利用契約が終了するものとします。この場合、ユーザーは、トライアルサービス期間経過後は、Goalousを利用することはできず、また、ISAOは、トライアルサービス期間満了日までにユーザー又はユーザーが作成し又は入力したデータのバックアップ又は移行に対応しないものとします。\n５．トライアルサービスの使用に際し、ISAOは、追加使用条件等を付加する場合があります。\n６．ISAOがトライアルサービス利用中のユーザー対してトライアルサービスの評価を要請した場合、ユーザーは、合理的に可能な範囲内で、これに協力するものとします。\n７．ISAOは、運営上、技術上の必要に応じて、トライアルサービスの全部又は一部を変更することができるものとします。この場合、ISAOは、本規約第29条で定めた方法により、ユーザーに対し、通知するものとします。\n８．ISAOは、トライアルサービスの一部又は全部につき、ISAOの方針又は運営上の必要により、修正、中断又は変更することができるものとし、それに関して関連法令に特別な規定がない限り、チームメンバー、ユーザー又は第三者に生じた損害について一切の責任を負わないものとします。\n  \n＜Goalous利用料金に関する特則＞\n第1条（定義）\n１．「支払基準日」とは、毎月ISAOからユーザーに対して請求する本件利用料金を確定するための基準日をいいます。支払基準日は有償利用申込日を最初の支払基準日として確定し、以後毎月の同一日となります（例　2017年９月２１日に有償利用申込をした場合、毎月21日が支払基準日となります）。なお、該当日付が存在しない場合は、直前の支払基準日の属する月の翌月の末日となります(例　支払基準日が2017年10月 31日の場合、次の支払基準日は、2017年11月30日となります)。\n２．「支払基準期間」とは、支払基準日を始期とし、翌月の支払基準日の前日までの期間をいいます。\n＜支払基準期間の例＞\n2017年10月01日 – 2017年10月31日\n2017年10月31日 – 2017年11月29日\n2017年11月10日 – 2017年12月09日\n2018年01月31日 – 2018年02月27日\n３．「課金法人等」とは、ユーザー以外の法人、組織又は自然人 で、ユーザーが本件利用料金の債務者として指定するものをいいます。この場合、ユーザーは、当該指定を行うに当たっては、課金法人等から承諾を得るものとします。\n \n第２条（有償利用期間）\n１．ユーザー又はISAOより、支払基準期間満了日（支払基準日の前日とし、以後同様とする）までにGoalousサービスサイト内より退会の意思表示がされない限り、有償利用期間は、同一条件にてさらに更新されるものとし、以後も同様とします。\n２．ユーザーは、Goalousを退会する場合、支払基準期間満了日までにGoalousサービスサイト上で退会手続きをおこなうものとします。\n３．前項に関し、ユーザーは、支払基準日以降に、ISAOによる本件利用料金の請求が完了した後に退会申込をした場合、すでに請求済みの本件利用料金の支払いは免れないものとし、所定の本件利用料金をISAOに支払うものとします。\n  \n第３条（本件利用料金の請求）\n１．ISAOは、ユーザーまたは課金法人等に対し、チームを単位として、チームメンバーの数に応じて、本件利用料金を請求し、チームメンバーである各ユーザーはこれを連帯して支払うものとします。\n２．支払基準期間中に、チームメンバーを追加した場合、ユーザーは、追加したチームメンバー数に応じて、ISAOに対して本件利用料金の追加料金を支払うものとします（以下「追加料金といいます」）。追加料金は、チームメンバー追加日から支払基準期間満了日まで日割にて計算します。\n３．支払基準期間中に、チームメンバーが減少した場合であっても、ユーザーは、当該支払基準期間における本件利用料金の減額はおこなわないものとします。\n４．第三者がユーザーのID等を用い、Goalousを利用した場合で、かかる利用により生じた本件利用料金の支払その他の債務一切についてはユーザーが負担するものとします。\n  \n第４条（支払方法の選択）\n１．ユーザーは、①クレジットカード払い、②請求書払いをいずれかを選択し、以下に定める支払手段に応じて、ISAOに本件利用料金を支払うものとします。\n① 支払手段が「クレジットカード払い」の場合\n契約期間：\n単月\n \n締日・ご請求時期・お支払時期：\n支払基準日のご利用状況に基づき、契約期間分のご利用料金を計算し、同日カード会社へご請求します。\n追加料金については、日割計算にて追加されたユーザー分のご利用料金を、その追加日にカード会社へご請求します。\nなお、お支払い時期はカード会社の引落日に準じます。\n \n② 支払手段が「請求書払い」の場合\n契約期間：\n単月\n締日・ご請求時期・お支払時期：\n支払基準日のご利用状況に基づき、契約期間分のご利用料金を計算し、課金法人等にご請求します。\n追加料金については、日割計算にて追加されたユーザー分のご利用料金を、次月の支払基準日に課金法人等にご請求し、次月の本件利用料金とともに支払うものとします。\n  \n３．登録されたクレジットカードの有効性、有効期限に変更があった場合、ユーザーはGoalousにてクレジットカード情報を変更することでただちにISAOに通知するものとします。クレジットカードの有効期限が経過している場合においても、ユーザーが有償利用を継続的に利用する場合に限り、ISAOがユーザーに対して引き続き利用料金を請求することをユーザーが承認したことになり、未収分の利用料金については、同額の請求書を翌月末支払として発行します。\n４．課金法人等が指定された場合は、第1項の規定にかかわらず、ユーザーは本件利用料金の支払義務を負わないものとします。ただし、ユーザーが課金法人等より必要な承諾を得ていない場合は、この限りではありません。\n  \n第3条（不正利用の場合の追加料金の請求）\n１．ユーザーは、Goalousを利用するにあたり、Goalousにチームメンバー全員の登録をおこないます。万一、同一アカウントの複数名利用による利用許諾契約違反をISAOにて確認した場合には、当該行為が確認できる期間の始期まで遡及して（または「当該アカウントの登録時まで遡及して」）、実際の利用人数に従った利用料金を請求するものとします。また、ユーザーが法人利用の場合、当該法人に所属する利用者を、当該法人に所属していないまたは当該法人以外の第三者に所属していると偽ったアカウントを利用してGoalousを利用させてはならないものとします。当該行為をISAOにて確認した場合には、当該行為が確認できる期間の始期まで遡及して（または「当該アカウントの登録時まで遡及して」）、実際の利用人数に従った利用料金を支払うものとします。なお、「当該法人に所属する利用者」とは、当該法人との間で以下の関係を有する利用者をいいます。\n・当該法人と雇用契約を締結している正社員\n・当該法人と雇用契約を締結している契約社員\n・当該法人と雇用契約を締結しているパート／アルバイト\n・派遣元から当該法人へ派遣されている派遣社員\n・その他契約の類型を問わず当該法人と契約関係にある者\n \n附 則\n2017年9月30日 制定 ','Goalous Terms of Service\n\n※ Where ISAO has provided you with a translation of the Japanese language version of the Terms, you agree that the translation is provided for your convenience only and that the Japanese language versions of the Terms will govern your relationship with ISAO.\n\nISAO Corporation (referred to ISAO hereafter) has developed the goal achievement support tool, “Goalous” as a tool to make “jobs” in the world fun/enjoyable.\nISAO will provide Goalous to users in accordance to the Goalous Terms of Service (referred to “Terms” hereafter).\nBy submitting the registration form on the Goalous Service site, agreeing to the Terms, and establishing the “Goalous” Terms of Service agreement between the user and ISAO, users will be able to use Goalous in accordance to the regulations of the Terms.\n\n\nSection 1 General Provisions\n\nArticle 1 Definition\nThe terminology usage regarding the Terms will be defined as followed:\n① \"Goalous\" refers to a goal achievement support service called \"Goalous\" which includes all kinds of services and is developed by ISAO.\n② \"User\" refers to a (natural) person who receives the Goalous provisions.\n③ “Service Usage Facilities” refers to, the system (not limited to computer/server, storage, telecommunication facilities, and other equipment. same as below.) used by ISAO (including subcontractor) and related software (not limited to OS, middleware, all applications/software, contents, and database) to provide Goalous.\n④ \"Service Environment” refers to the general term for platform environment such as servers, cloud computing, networks, etc. that are offered to users through service usage facilities.\n⑤ \"Data\" refers to the data information the user has accumulated and registered in the service environment and (including those sent to users from Third Parties through the use of Goalous).\n⑥ \"Team\" refers to billable users of units created on Goalous.\n⑦ \"Team Member\" refers to the user who was invited and joined the team.\n⑧ \"Team Administrator\" refers to the person who manages the team.\n⑨ \"Third Party\" refers to the person other than applicable users.\n⑩ \"Special Regulation Billing\" refers to the \"Special Regulations relating to Goalous Usage Billing\" that accompanies the Terms.\n⑪ \"Trial Service\" refers to a service free of charge for users who wish to use Goalous within a set period and usage range established by ISAO.\n   The Trail Service details are stated in Article 34 of the Terms.\n\n\nArticle 2 (Application of Term)\nIn addition to these Terms, ISAO will set the terms of use of Goalous as necessary.\n\n\nArticle 3 (Changes of Term)\nISAO may revise its Terms at any time at its discretion.\nThe user agrees to the revised Terms by using Goalous after the date of the revision.\n\n\n\nSection 2 Contract Formation\n\nArticle 4 (Change in user information notification)\n1. When applying for usage of Goalous, the user will provide the information that ISAO has set including true name, mail address etc, in a method prescribed by ISAO.\n2. The user shall promptly inform ISAO of any changes to the details in the preceding clause.\n3. Isao bears no responsibility for any losses or damages caused by the user neglecting to inform as set by the preceding clause.\n\n\nArticle 5 (Usage Contract)\nThe user will apply for usage of Goalous as outlined in Article 4 or by other methods prescribed by ISAO, When ISAO agrees to the application, The Goalous Usage Contract will be considered to be established.\n\nISAO at its discretion can decide whatever or not to accept the Goalous Usage Contract, it is considered that Isao can refuse or cancel the agreement. especially when a user has any of the reasons in the following clauses,\nHowever, it is assumed the reasons for ISAO denying or cancelling an agreement will not be limited to only the following.\n(1) When in accordance with the users application, it is difficult for technical or other reasons to provide Goalous.\n(2) When the user neglects to pay or there is the risk of user neglecting to pay Goalous usage fees (hereinafter referred to as the \"Usage Fees\") or other expenses stipulated in Article 13.\n(3) When in the documents submitted by the user there is false statements, errors or omissions.\n(4) When the user falls or has the possibility of falling under any of the grounds laid out in Article 18 (Release) Section 1.\n(5) When the user uses or there is the risk of using Goalous in a manner obviously contrary to public order and morals or in an illegal fashion.\n(6) When the user uses or there is the risk of using Goalous in a manner that will damage the trust or reputation of ISAO or a third party.\n(7) When the user uses or there is the risk of using Goalous in a matter that interferes with other users who use Goalous.\n(8) When it is decided that there is a possibility the user is using Goalous for dangerous work that may jeopardize people’s lives.\n(9) When the user has been refused or has had canceled, by ISAO, the Goalous usage contract in the past, or has had the provision of other services provided by Goalous or ISAO suspended.\n(10) In addition to each of the above items, when it is rationally determined that ISAO is unable to continuously provide Goalous for user\'s desired use on a technical or business basis.\n\n3. Paid usage starts from the date the user made a paid service application from the Goalous service site (hereinafter referred to as \"fee-based use\").\n\nSection 3 Goalous Usage\n\nArticle 6 (Provision of Goalous)\n1. It is assumed ISAO will provide Goalous with due care of a prudent administrator.\n2. ISAO, in providing Goalous, shall be able to reproduce, back up, modify or adapt data etc within a necessary range.\n3. ISAO provides Goalous as it currently is in a best-effort manner. ISAO does provide any guarantee regarding performance or service level.\n4. ISAO may change the specification of Goalous without notice.\n\n\nArticle 7 (Team Administrator)\n1. The user becomes the team administrator when the respective team is created.\n\n2. The team administrator can do the below listed on the team they manage:\n(1) Inviting other users to the team and making them team members.\n(2) Removing team members from the team.\n(3) Appoint and dismiss team administrators from team members.\n(4) Information transmission within the team (including, but not limited to, goal setting, action posting, evaluation, news feed posting, evaluation, circle creation)\n\n\n\nArticle 8 (consignment)\n1. ISAO may entrust all or part of the work required for the provision of Goalous to a person other than ISAO (hereinafter referred to as \"the subcontractor\").\n2. In the case referred to in the preceding clause, ISAO shall properly manage the subcontractor and shall assume the same obligation as the provisions of this Agreement concerning the commissioned work.\n\n\nArticle 9 (force majeure)\nISAO will not be held liable for the performance of all or part of the Goalous User Agreement in the event of difficulty in providing Goalous due to Force majeure (hereinafter referred to as \"force majeure\") such as natural disasters such as earthquakes, eruptions, floods, tsunamis, epidemics of infectious diseases and infectious diseases, war, riots, civil war, revision and abolition of laws and regulations, \nIn that case, ISAO will not be liable for damages against the users.\n\n\nArticle 10 (temporary interruption and suspension of Goalous)\n1. Under any of the following items, without prior notice to the user or consent of the user ISAO may suspended the provision of Goalous.\n(1) When performing periodic maintenance work of equipment for service, etc.\n(2) In case of emergency maintenance due to failure of service equipment etc.\n(3) When improving equipment for service etc. (upgrade etc.)\n(4) When it is necessary for technical or operational reasons\n(5) When due to force majeure Goalous cannot be provided.\n\n\n2. ISAO shall not be liable for any damages suffered by the user if Goalous could not be provided due to any of the events prescribed in each item of the preceding clause.\n\n3. ISAO may request cooperation from users in case of need for repair or restoration regarding troubles concerning equipment\n\n\nArticle 11 (Goalous end of service)\n1. ISAO may terminate the provision of all or part of the services of Goalous if it falls under any of the following items.\n(1) When the user is notified 45 days before the end of service date.\n(2) When it becomes difficult to provide Goalous due to force majeure.\n(3)When of the equipment for service, etc. Software not created or Produced by ISAO, Manufacture of hardware or license not created by ISAO Supply sale or support is terminated \n\n2. In accordance with the preceding clause, even if ending the provision of all or part of the services of Goalous, ISAO shall not bear any obligation including damages obligation.\n\nSection 4 User Responsibility\n\nArticle 12 (Handling of Login ID and Password)\n1. User must not disclose, lend, or share Login ID and Password (referred to ID hereafter) issued from ISAO to third parties to access the service environment, and must strictly manage this to prevent leakage.\n\n\n2. The use of Goalous using ID and other conducts are considered to be used by all users and will be handled as follows.\nHowever, this is not the case in the event when a third party uses the ID due to reasons attributable to ISAO.\n(1) In the event user(s) or a third-party has suffered damage due to inadequate ID management, error usage, or third party usage, ISAO will not bear responsibility.\n(2) In the event ISAO has suffered damage due to unauthorized ID usage, the user shall compensate for the damage. \n\nArticle 13 Usage Fee\n1. The usage fee is as stated on this service site.\n2. The user is responsible for paying all taxes (collectively refer to tax hereafter) such as consumption tax on usage fee, unless a valid tax exemption certification is presented, deductible taxes from usage fee will not be deducted and the full charged amount must be paid.\n3. Regardless of circumstance pretexts, ISAO will not refund usage charges.\n\n\nArticle 14 (Usage Fee Payment Method)\n1. The user or the billing corporation will pay the usage fee to ISAO in accordance to the provision of the special regulation billing.\n2. When the payment of the preceding paragraph has been neglected, the user or the billing corporation must pay a delayed damage fee at a rate of 14.6% per year.\n\n\nArticle 15 (Prohibited Uses)\n1. Users must not perform the following conducts (referred to \"prohibited acts\" hereafter). \n(1) The act of re-providing or re-selling all or parts of Goalous to third parties.\n(2) The act of transmitting harmful computer programs.\n3) The act of analyzing, modifying, tampering reverse engineering, decompiling, disassembling, etc. with respect to programs, such as systems, software, etc. included in service equipment.\n(4) Acts of damaging service equipment and service environment, such as significantly increasing the number of traffic by either intention or negligence.\n(5) The act of storing and using data violating the laws and regulations in the service environment.\n(6) Acts contradicting with public order and moral or acts of providing information contradicting with public order and moral.\n(7) The act of criminal conducts or increasing criminal conducts.\n(8) Acts conflicting with other laws (regardless of domestically or internationally).\n(9) Acts of violation to the rights of ISAO or third parties.\n(10) Acts of disturbance or hindrance to ISAO or third parties.\n(11) Acts that violates the contents of the Terms.\n(12) Acts that may be subject to the above.\n(13) Other acts that ISAO deems inappropriate with objective facts such as with interfering with the operation of Goalous.\n\n2. The user shall be liable to compensate damages suffered or incurred or when there is the risk of damage stuffed to ISAO due to a request from a third-party due to a violation of Article 1, the user bears the obligation to respond to the third party\n\n\nArticle 16 (Backup)\n1. Regarding data, it is the responsibility of the user to save and backup data.\n2. ISAO will not be solely liable for data storage, saving, and backup.\n\nSection 5 Contract period\n\nArticle 17 (Term of use)\n1. During the trial service period, the user can terminate and cancel the Goalous usage contract at any time. However, if you are a team member, you cannot unsubscribe.\n2. When using paid version, treatment of the use fee in the case of withdrawal will be subject to the provision of special billing policy.\n\n\nArticle 18 (Cancellation)\n1. ISAO will terminate the Goalous Subscription Agreement without prior notice to the user if any of the following clauses occur with the user:\n(1) When the terms outlined have been violated and the violation is still not fixed despite a considerable period having elapsed since ISAO\'s request to fix the violation.\n(2) When ISAO determines that the user\'s action falls under Prohibited Acts or other provisions of these Terms are violated.\n(3) When conducting a fraudulent act, such as making an illegal or false application when entering into the agreement\n(4) When a check has been dishonored even once or non-payment has occurred even once.\n(5) When there is a petition for bankruptcy, a petition for commencement of civil rehabilitation proceedings, a petition for commencement of corporate reorganization proceedings, a petition for commencement of special liquidation, or the commencement of those procedures.\n(6) When it has been dissolved or declared bankrupt.\n(7) When financial position deteriorates markedly, or there is a reasonable ground to belive that it may deteriorate markedly.\n(8) When any other reason arises that makes it difficult to provide Goalous to users.\n(9) When it is discovered that they are an anti-social force (a gang group or a gang member and its related group and other anti-social groups or forces defined in the \"Act on Prevention of Unfair Acts by Boryokudan Members”) or that they have engaged in transactions etc with antisocial forces.\n(10) In the case where a representative, an officer, or the corporation itself faces criminal proceedings, prosecution or convictions.\n(11) In case of termination of business operations brought on by government dispositions.\n\n2. In the event there are obligations to ISAO such as unpaid service usage fee at the time of cancellation under the preceding paragraph, the user shall immediately lose the benefit of the deadline for such obligation.\n\n3. Even if canceled pursuant to the provisions of Article 1. ISAO will not lose the right to claim service charges etc for the period leading up to the termination\n\n\nArticle 19 (Data etc. in case of contract termination)\n1. When the Goalous usage contract ends, ISAO will delete data regardless of any reason.\n2. ISAO shall not be liable for any direct or indirect damage to the user due to the deletion set forth in the preceding paragraph.\n\n\nArticle 20 (Survival Clause)\nEven when the Goalous usage contract has ended, Article 9, Article 10 Clause 2, Article 11 Clause 2, Article 12 Clause 2, Article 14 Clause 2, Article 15 Clause 2, Article 16 Clause 2, Article 18 Clause 3, Article 19, Article 21 Clause 3, Article 22 (For 5 years after termination), Article 25 Clause 2 to 3, Article 26, Article 27, Article 31, Article 33, and Article 33 shall be valid.\n\nSection 6 (Handling of Information)\n\nArticle 21 (Handling of internal team information)\n1. With regards to intra-team information dissemination, each user shall transmit at their own responsibility and burden, ISAO will not involve itself in any dispute arising from dissemination of information within the team, and the user shall not ask ISAO for involvement \n2. All items regarding controlling of sending information within the team and the handling method of personal information of team members included in the transmission of information within the team, etc., shall be resolved within the team. ISAO shall not be obliged to be involved in any of the beforementioned.\n3. Even if team members suffer damage based on information dissemination within the team, ISAO shall not be held liable for compensation for damages\n\n\nArticle 22 (Confidentiality Obligation)\n1. The user shall be responsible for strictly manging and storing all information in connection with the Goalous Subscription Agreement or business technological, financial information) provided by or disclosed ISAO (collectively, the \"Confidential Information\". The user will treat this Confidential Information as secret and will not disclose or leak any part of the Confidential Information to any third party without obtaining written consent from ISAO in advance.\n\n2. Notwithstanding the provision of the preceding paragraph, it shall not apply to information proving that the it falls under any of the following items.\n(1) Already known public information.\n(2) Information that has become public knowledge through no fault of the User.\n(3) Information already known upon disclosure.\n(4) After information has been disclosed, information obtained from a third party authorised representative that are not under confidentiality obligations.\n(5) Information obligated to be disclosed by law.\n(6) Information developed and created unrelated to the disclosed confidential information.\n\n3. The user shall be able to disclose this confidential information only to its own officials and employees who need to know the Confidential Information in question and will comply. The Officials and employees will also be obliged to follow the confidentiality prescribed in this article.\n\n4. The User shall not use Confidential Information for any purpose other than the fulfillment of these Terms without obtaining prior consent from the other party in writing.\n\n\nArticle 23 (Handling of data etc.)\n1. ISAO will only use data etc. for the fulfillment of the Goalous Subscription Agreement and not for other purposes.\n\n2. ISAO, will not disclose data in addition to the cases specified in the following items to third parties\n(1) When there is an obligation to disclose by law\n(2) When to protect life, body, or property there are unavoidable reasons.\n(3) When fulfilling the Goalous usage contract, it is disclosed to the subcontractor\n(4) When fulfilling the Goalous usage contract, there are other unavoidable reasons.\n\n\nArticle 24 (Handling of personal information)\n1. Personal information acquired from users by ISAO(personal information is information about a living individual, which can identify the specific individual by name, date of birth or other description contained in such information (including information that can be compared with other information and thereby identify the specific individual). \nHereinafter referred to as \"Personal Information\" shall be handled by ISAO appropriately pursuant to the Personal Information Protection Act.\n\n2. For usage fee payment, we will use the user\'s personal information as follows according to payment method.\n① When paying by credit card, we will provide the user\'s credit card information necessary for payment to the contractor and ISAO will not store any credit card information obtained.\nFor credit card information, we will store it as order receipt information until the period of obligation to hold under the provisions of laws and regulations has passed.\n② When paying by invoice payment, information on users may be provided to contractors within the scope of using settlement services provided by outsourcers.\n\nSection 7 Responsibilities\n\nArticle 25 (Responsibility for using the service)\n1. In using Goalous, the user shall be liable for any troubles or disputes arising with third parties and claims for damages from third parties the user is responsible for any actions and consequences of a using Goalous and shall not cause trouble or inflict damages to ISAO.\n2. In case ISAO suffers damage due to the reason specified in the preceding paragraph, the user shall indemnify the damage.\n3. In case of damage to a third party with respect to the use of Goalous, the user shall indemnify the damage at thrir own responsibility and expense, unless there is a violation of this agreement by ISAO.\n4. With respect to Goalous, in the event of damage to a third party, When ISAO receives a claim for damages from the third party regardless of whatever through court or alternative means, and a settlement payment, settlement money, damages compensation etc irrespective of the pretext a form of a money payment is made. The user will bear the burden and costs required to resolve the dispute. and the user shall comply with ISAO\'s request for reimbursement.\n\n\nArticle 26 (Disclaimer)\n1. ISAO shall not be liable for compensation regardless of any obligation default, tort (including negligence), or any other legal claim for damage caused to the user due to the following reasons.\n(1) Damage due to failures, defects, bugs, etc. regarding service equipment\n(2) Damage due to leakage, loss or disappearance of data etc.\n(3) Damage caused by disputes by the data.\n(4) Damage due to leakage, loss, or loss of data caused by users using Goalous with software with security risks, or the above caused by user equipment, etc.\n(5) Damage caused by user\'s failure to comply with security measures and procedure etc. as established by ISAO\n(6) Damage due to failure of the user\'s connection environment, such as a failure of user\'s equipment etc. or trouble in the service equipment that provides the internet connection service to the service environment. \n(7) Damage caused by infection of equipment by computer viruses types that are not covered by the Anti-Virus software that ISAO has implemented.\n(8) Damage to service equipment and service environment etc. due to unauthorized access or attack by a third-party service or interception of a communication en route to service equipment which can not be prevented against even with a bona fide administrator.\n(9) Damage caused by disabling the provision of service, etc. due to measures such as seizure as required by domestic and foreign law or regulations and due to the inability to provide Goalous upon the request of the regulatory agency based on laws\n(10) Damage caused when Goalous is used for business related to medicine, human life or the human body\n(11) Damage due to force majeure\n(12) Others damage due to reasons not attributable to ISAO \n\n2. ISAO makes no warranty on Goalous with respect to merchantability and suitability for the intended use of the user.\n\n3. ISAO shall not be liable for any damages arising from reasons not attributable to ISAO\'s responsibility, damages arising from special circumstances regardless of whether ISAO could foresee or not, and lost profits of users. \nSection 8 Other general provisions\n\nArticle 27 (Intellectual Property Rights etc.)\n1. For all intellectual property rights including but not limited to software that makes up the Service Equipment ETC, trademarks relating to Goalous, contents, materials presented to users for providing Goalous(hereinafter referred to as \"intellectual property rights\") are considered to belong to ISAO, Contractors and third party rights holders(Hereinafter collectively referred to as \"rights holder\"). \nRights are not transferred to the user by agreeing to the Goalous usage agreement nor is any usage other than those stipulated in this agreement granted.\n\n2. ISAO shall grant to the user the non-exclusive license to this intellectual property right within the scope and period necessary for the user to use Goalous.\nIn this case, the Goalous usage fee shall include the consideration for that license.\n3. The user shall be liable for damages in the event the right holders are caused damages by infringement of Intellectual Property Rights.\n\n\nArticle 28 (Prohibition of Transfer of Rights and Obligations)\nThe user will not transfer or offer as a security the position of being a contract holder under the Goalous usage contract nor will the user do the same for a whole or a part of the rights or obligations based thereon.\n\n\nArticle 29 (Notification method)\n1. Notifications and other communications made by ISAO to users based on these Terms shall be made in an appropriate and reasonable manner as selected by ISAO among these are Goalous, posting on ISAO website, e-mail and written form.\n2. The user shall inform the contact address for notification and other communications set forth in the preceding clause.\nIf a notification or other communication does not arrive at the user because the contact information reported by the user is different from fact, we assume that the notice etc arrived at the user in the status that it should have arrived.\n3. When notifications or other communication is done by e-mail, it is deemed that it arrived at the point of ISAO sending the e-mail to the address of the contact address reported by the user, if done by Goalous or posting on the homepage, it will be deemed to have arrived when it becomes possible to browse the page.\n\n\nArticle 30 (Separability)\nIn this agreement, if all or part of the provision is invalid under the law, it shall be deemed to be invalid only with respect to that provision, and the other provisions shall remain applicable and shall apply to the user and ISAO I will.\n\n\nArticle 31 (Governing Law)\nThe applicable law concerning the establishment, effectiveness, performance, and interpretation of these Terms shall be Japanese law.\n\n\nArticle 32 (Consultation etc)\nIn case of doubts about matters not stipulated in this agreement and prescribed items, we will resolve them after consultation with each other in good faith.\n\n\nArticle 33 (Competent jurisdiction)\nIf a dispute arises between the user and ISAO concerning the contents of this agreement and there is necessary for litigation or arbitration, the Tokyo District Court shall be the exclusive jurisdiction court of the first instance.\n\n\nArticle 34 (trial service)\n1. Goalous applicants can use Goalous free of charge for the period and scope specified by ISAO only when it is aimed at evaluating formal adaptation of Goalous and evaluation of each function.\n2. ISAO shall inform the user of its expiration date of the trial service by the day before the trial service expires\n3. If the user wishes to continue to use Goalous during the period of using the trial service, he/she must register on the Goalous service site Hereinafter referred to as \"fee-based application\") by the expiration date of the trial service \nPaid usage (hereinafter referred to as \"fee-based use\") starts with the completion of a paid application.\n4. ISAO considers that the user does not intend to continue to use Goalous when the paid application fails to reach ISAO by the expiration date of the trial service period, and the use contract is terminated on the due date of the trial service period will do.\nIn this case, the user cannot use Goalous after the trial service period has elapsed, and ISAO will not handle backup or migration of data created or entered by the user before the expiration date of the trial service period \n5. While using the trial service, ISAO may add additional use conditions etc.\n6. If ISAO requests evaluation of the trial service by users who are using the trial service, the user shall cooperate with this as far as is reasonably possible.\n7. ISAO shall be able to change all or part of the trial service depending on operational and technical requirements.\nIn this case, ISAO will notify the user in accordance with the method stipulated in Article 29 of this Agreement.\n8. ISAO shall be able to modify, suspend or modify part or all of the trial service according to the policies of ISAO or the administrative necessity, and unless there are special provisions in the related law concerning it, ISAO shall not in no way be held responsible for any damage to team members, users or to third parties.\n\n\n\n＜Special provisions regarding Goalous User Fees＞\n\nArticle 1 (definition)\n1. \"Payment record date\" is the base date for confirming the usage fee charged to users from ISAO every month.\nFor the payment record date, the payment application date is determined as the first payment record date and then the same day of every month (for example, if you make an application for payment on September 21, 2017, the monthly payment reference date will be the 21st of every month).\nIf the corresponding date does not exist, it will be the last day of the month following the month to which the immediately preceding payment date belonged (eg if the payment reference date is October 31, 2017, the next payment reference date will be November 30,2017).\n\n2. \"Payment record period\" has a start date of period from the payment record to the day before the payment record date of the next month.\n\n<Example of payment record period>\nOctober 01, 2017 - October 31, 2017\nOctober 31, 2017 - November 29, 2017\nNovember 10, 2017 - December 09, 2017\nJanuary 31, 2018 - 27 February 2018\n\n3. \"Billing corporation, etc.\" means a corporation, organization or natural person other than the user, designated by the user as the obligor of the usage fee.\nIn this case, the user shall obtain consent from the accounting corporation etc. in making such designation.\n\n\nArticle 2 (Paid period of use)\n1. Unless the intention to withdraw from the Goalous service site comes from the user or ISAO before the payment record period expiration date (the day before the payment record date, the same shall apply hereinafter), the chargeable term will be renewed under the same conditions; the same shall apply hereinafter.\n2. In case of withdrawing from Goalous, the user shall withdraw from the Goalous service site by the expiration date of the payment record period.\n3. With regards to the preceding clause, after the payment record date if the user makes an application to withdrawal from service after ISAO has completed the request of a usage fee, the user shall be obligated to pay the usage fee already requested, and will pay the mentioned usage fee to ISAO.\n\n\nArticle 3 (Request for usage fee)\n1. ISAO shall charge the User Fee according to the number of Team Members to Team Users or Billing Corporations, etc., and each user who is a team member will jointly pay this fee.\n2. If a team member is added during the payment reference period, the user shall pay an additional fee for the use fee to ISAO according to the number of team members added (hereinafter referred to as \"additional charge\").\nAdditional charges are calculated at a daily basis from the team member addition date to the expiration date of the payment reference period.\n3. Even if the number of team members decreases during the payment reference period, the user shall not reduce the usage fee in the payment reference period.\n4. If a third party uses Goalous by using the user\'s ID, the user shall bear all payment of the usage fee and other obligations arising from such use.\n\n\nArticle 4 (Selection of payment method)\n1. The user shall choose either (1) credit card payment, (2) bill payment, and pay the fee for ISAO in accordance with the means of payment specified below.\n① When the payment method is \"credit card payment\"\nContract period:\nSingle month\nClosing date • Requested time • Payment time:\nBased on the status of usage at the payment record date, the usage fee for the contract term shall be calculated and requested to the card company on the same day.\nFor additional charges, we will charge the card company on the next payment record date. for the additional fee for the user added using daily charge calculation \nThe payment time is the same as the card company\'s debit date.\n\n② When payment instrument is \"payment of invoice\"\nContract period:\nSingle month\nClosing date • Requested time • Payment time:\nBased on the status of usage at the payment record date, the usage fee for the contract term shall be calculated and requested to the billed company on the same day.\nFor additional charges, we will charge the billed company on the next payment record date. for the additional fee for the user added using daily charge calculation \n\n3. If there is a change in the validity or expiration date of the registered credit card, the user shall immediately notify ISAO by changing credit card information in Goalous.\nEven when the expiration date of the credit card has pass, the user has approved that ISAO will continue to charge the usage fee only the user continues to use the paid usage, With regard to usage charges for unpaid fees, An invoice for the same amount of the unpaid amount at the end of the following month.\n\n4. In the case where a billing corporation etc. is designated, the user shall not be obliged to pay the usage fee regardless of the provision of article 1. However, this is not the case unless the user has obtained necessary consent from the billing corporation etc.\n\n\nArticle 5 (Request for additional fees in case of unauthorized use)\n1. In using Goalous, the user registers all team members in Goalous.\nIn the event ISAO has confirmed a violation of the license agreement by multiple persons using the same account, we will charge a usage fee according to the actual number of people to use. retroactively from the beginning of the period during which the action can be confirmed or from the registration of the relevant account \nIn the case where the user is a corporation, the user who belongs to the corporation, shall not uses an account that is not affiliated with the corporation or one which is falsely shown as belonging to a third-party other than the corporation.\nIn the case of ISAO confirming this act, retroactively from the beginning of the period during which the act can be confirmed (or from the time of registration of the relevant account\") The usage fee according to the actual number of users shall be paid.\nUser belonging to the corporation means a user who has the following relationship with the corporation.\nFull-time employees having signed employment contracts with the corporation\n• Contract employees having signed employment contracts with the corporation\n• Part timer works with employment contract with the corporation / part-time job\n• Temporary staff dispatched from the dispatching source to the corporation\n• Any other contractual relationship with the corporation regardless of the type of contract\n\n\n\nSupplementary provision\n\nEstablished September 30, 2017','2017-09-30',0,NULL,1505120727,1505120727);
INSERT INTO `users` VALUES (614,'035a16a84aed0a47e78624678db38a361092d6c9ce80a40c4c1dda8f9e6cd0cc',NULL,NULL,NULL,0,NULL,NULL,611,1,1534226374,0,66,9,1,'jpn',0,0,1,2,0,NULL,1,'2000-01-01',0,NULL,'',NULL,'Taro','Gorasu',NULL,0,1534133785,1534226374),(615,'035a16a84aed0a47e78624678db38a361092d6c9ce80a40c4c1dda8f9e6cd0cc',NULL,NULL,NULL,0,NULL,NULL,612,1,1534149772,0,66,9,0,'jpn',0,0,1,2,0,NULL,NULL,'1999-12-31',0,NULL,NULL,NULL,'Jiro','Gorasu',NULL,0,1534142270,1534149778),(616,NULL,NULL,NULL,NULL,0,NULL,NULL,0,0,NULL,0,NULL,NULL,1,NULL,0,0,1,0,0,NULL,NULL,NULL,0,NULL,NULL,NULL,'','',NULL,0,1534142270,1534142270),(617,'035a16a84aed0a47e78624678db38a361092d6c9ce80a40c4c1dda8f9e6cd0cc',NULL,NULL,NULL,0,NULL,NULL,614,1,1534149874,0,66,9,0,'jpn',0,0,1,2,0,NULL,NULL,'2000-01-02',0,NULL,NULL,NULL,'Saburo','Gorasu',NULL,0,1534142270,1534149874);
